customer_id,company_name,industry,country,segment,signup_date
CUST00001,"Rodriguez, Figueroa and Sanchez",Healthcare,Burundi,Mid-Market,2024-10-16
CUST00002,"Garcia, Yang and Gardner",Manufacturing,Nauru,Mid-Market,2023-08-12
CUST00003,Johnson-Davis,Healthcare,Djibouti,SMB,2025-04-05
CUST00004,"Guzman, Hoffman and Baldwin",Finance,Reunion,SMB,2023-04-05
CUST00005,"Barnes, Cole and Ramirez",Finance,Trinidad and Tobago,SMB,2025-06-06
CUST00006,Blake and Sons,Manufacturing,Qatar,SMB,2023-06-16
CUST00007,Peterson-Moore,Technology,Serbia,SMB,2023-11-20
CUST00008,Garcia-James,Education,Guinea-Bissau,Mid-Market,2024-10-04
CUST00009,Munoz-Roman,Manufacturing,Saint Lucia,Enterprise,2025-01-08
CUST00010,Herrera-Dudley,Healthcare,Honduras,SMB,2025-01-09
CUST00011,Arnold Ltd,Technology,Niger,Mid-Market,2023-07-23
CUST00012,Ray-Bush,Manufacturing,Aruba,SMB,2025-02-12
CUST00013,"Perez, Roberts and Miller",Technology,Djibouti,SMB,2023-08-19
CUST00014,James Group,Manufacturing,North Macedonia,Mid-Market,2024-11-20
CUST00015,Martin-Kelly,Technology,Paraguay,SMB,2023-09-13
CUST00016,Miles-Sutton,Education,Barbados,SMB,2025-05-19
CUST00017,"Reid, Ferguson and Sanchez",Education,Kyrgyz Republic,Enterprise,2023-06-18
CUST00018,Nelson-Schaefer,Education,Portugal,Mid-Market,2024-08-06
CUST00019,"Robinson, Nguyen and Tate",Retail,Azerbaijan,Enterprise,2023-01-10
CUST00020,Underwood LLC,Retail,Iran,SMB,2023-02-22
CUST00021,Jones-Gentry,Finance,Montenegro,SMB,2024-01-14
CUST00022,"Edwards, Rios and Foster",Technology,United States Virgin Islands,SMB,2024-01-02
CUST00023,"Ellis, Baker and Wright",Manufacturing,Monaco,Mid-Market,2025-01-24
CUST00024,"Baker, Richards and Hurst",Education,Iran,SMB,2025-06-12
CUST00025,Robinson-Bright,Retail,Malawi,Mid-Market,2023-12-25
CUST00026,Davis-Williams,Finance,Bouvet Island (Bouvetoya),Mid-Market,2023-09-29
CUST00027,Burton Ltd,Healthcare,Jamaica,SMB,2024-11-13
CUST00028,"Brown, James and Ferrell",Technology,Marshall Islands,SMB,2025-05-03
CUST00029,Maddox-Valencia,Education,Algeria,SMB,2023-11-26
CUST00030,"Le, Maldonado and Herrera",Manufacturing,Ethiopia,Mid-Market,2024-05-01
CUST00031,"Peterson, Carter and Moore",Education,Afghanistan,Mid-Market,2024-07-24
CUST00032,"Liu, Baker and Mason",Manufacturing,Christmas Island,SMB,2025-01-31
CUST00033,"Gaines, Harrell and Evans",Technology,Northern Mariana Islands,SMB,2024-12-31
CUST00034,"Lynch, Hernandez and Farmer",Technology,Mauritius,Mid-Market,2024-03-01
CUST00035,"Sellers, George and Burns",Finance,Bouvet Island (Bouvetoya),SMB,2025-06-20
CUST00036,Koch-Decker,Education,Gambia,Enterprise,2023-11-02
CUST00037,Brown PLC,Healthcare,Yemen,SMB,2025-06-06
CUST00038,Miller Group,Education,Suriname,Mid-Market,2024-04-10
CUST00039,Spence PLC,Retail,Seychelles,Enterprise,2024-07-06
CUST00040,Anderson Group,Manufacturing,Yemen,SMB,2024-12-17
CUST00041,"Martin, Rose and Obrien",Manufacturing,Croatia,Enterprise,2024-08-12
CUST00042,"Campos, Vaughn and Marquez",Technology,Iran,SMB,2023-02-12
CUST00043,"Santos, Kim and Holmes",Education,British Indian Ocean Territory (Chagos Archipelago),SMB,2023-04-19
CUST00044,Walker LLC,Finance,Angola,SMB,2025-05-21
CUST00045,"Spencer, Chapman and Smith",Technology,Russian Federation,Enterprise,2025-06-20
CUST00046,"Brown, Jones and Johnson",Healthcare,Greenland,Mid-Market,2023-07-15
CUST00047,Palmer LLC,Technology,Paraguay,SMB,2023-08-10
CUST00048,Lewis-Anderson,Education,Vietnam,Mid-Market,2023-02-25
CUST00049,"Johnston, Sanchez and Kennedy",Retail,Ireland,SMB,2023-10-19
CUST00050,Davis Ltd,Retail,Jersey,SMB,2023-11-09
CUST00051,Henderson-Owens,Finance,Saint Lucia,SMB,2024-04-06
CUST00052,Nunez Ltd,Retail,Bolivia,Mid-Market,2024-09-01
CUST00053,Powell LLC,Technology,South Georgia and the South Sandwich Islands,Enterprise,2023-01-27
CUST00054,Wright and Sons,Technology,Mauritania,Enterprise,2025-06-04
CUST00055,Taylor-White,Education,Kyrgyz Republic,SMB,2024-04-18
CUST00056,Baxter Inc,Retail,Kenya,Mid-Market,2023-04-06
CUST00057,"Garcia, Pearson and Fernandez",Education,American Samoa,Mid-Market,2025-01-13
CUST00058,House and Sons,Manufacturing,Chad,SMB,2024-01-22
CUST00059,Tucker-Lewis,Manufacturing,Iran,SMB,2025-05-15
CUST00060,Martin Inc,Finance,Iceland,SMB,2025-06-10
CUST00061,House-Glover,Technology,France,Enterprise,2024-02-12
CUST00062,Horton-Cross,Retail,Slovenia,SMB,2024-10-08
CUST00063,"Stanley, Tucker and Lee",Healthcare,Cuba,SMB,2025-03-26
CUST00064,Riley PLC,Manufacturing,Bahamas,Mid-Market,2023-06-24
CUST00065,"Edwards, Williams and Woods",Retail,Uruguay,SMB,2025-04-03
CUST00066,"Moore, Yu and Miller",Education,Colombia,Enterprise,2024-08-24
CUST00067,Larson Ltd,Manufacturing,Tokelau,SMB,2024-11-05
CUST00068,Powell PLC,Manufacturing,Egypt,Mid-Market,2025-04-01
CUST00069,"Wheeler, Harvey and Barnes",Finance,Myanmar,Enterprise,2023-05-21
CUST00070,"Mills, Donovan and Harris",Retail,Saint Barthelemy,SMB,2024-01-10
CUST00071,Allen-Foster,Manufacturing,Paraguay,Mid-Market,2023-08-15
CUST00072,"Evans, Stewart and Walton",Finance,Barbados,SMB,2024-01-15
CUST00073,Ellis PLC,Healthcare,Bolivia,Enterprise,2025-03-16
CUST00074,Medina PLC,Retail,Estonia,SMB,2023-08-27
CUST00075,Mahoney Inc,Manufacturing,Turkmenistan,Mid-Market,2023-09-29
CUST00076,Wood and Sons,Retail,Kazakhstan,SMB,2024-03-12
CUST00077,"Warner, Carr and Archer",Education,Palau,Mid-Market,2025-06-17
CUST00078,"Smith, Montoya and Evans",Education,Panama,SMB,2025-06-28
CUST00079,Mcmillan and Sons,Finance,Estonia,SMB,2025-01-17
CUST00080,Preston Ltd,Technology,Micronesia,Mid-Market,2024-03-18
CUST00081,Nelson PLC,Finance,Cote d'Ivoire,SMB,2024-05-08
CUST00082,"Cooper, Watts and Farrell",Retail,Madagascar,SMB,2023-10-07
CUST00083,King-Odonnell,Technology,Austria,SMB,2024-03-10
CUST00084,Walters LLC,Healthcare,Aruba,SMB,2023-02-26
CUST00085,Cook and Sons,Finance,Northern Mariana Islands,SMB,2023-09-07
CUST00086,Martin-Ramos,Manufacturing,Romania,Enterprise,2024-08-16
CUST00087,Hoffman-Rodriguez,Finance,Western Sahara,SMB,2023-03-17
CUST00088,"Mckee, Gardner and Davenport",Manufacturing,Myanmar,SMB,2024-01-17
CUST00089,"Hernandez, Anderson and Parker",Technology,United Arab Emirates,Mid-Market,2024-02-06
CUST00090,Nolan and Sons,Technology,Pitcairn Islands,SMB,2023-05-21
CUST00091,Estrada LLC,Education,Slovakia (Slovak Republic),Mid-Market,2025-05-05
CUST00092,"Henson, Russell and Oliver",Technology,Cape Verde,Enterprise,2024-05-29
CUST00093,Hancock and Sons,Finance,Turkmenistan,Enterprise,2024-03-23
CUST00094,Johnson-Doyle,Retail,Grenada,Mid-Market,2025-05-01
CUST00095,Pham-Shields,Finance,Sudan,SMB,2024-09-15
CUST00096,Adams Ltd,Technology,Botswana,SMB,2024-08-11
CUST00097,Brennan-Garrison,Finance,Cyprus,SMB,2023-01-21
CUST00098,Velasquez Group,Retail,Guernsey,SMB,2025-03-18
CUST00099,Hoover-Savage,Manufacturing,Czech Republic,SMB,2023-02-15
CUST00100,Keller Group,Retail,Greenland,Mid-Market,2024-05-24
CUST00101,Lin-Rasmussen,Education,Fiji,Enterprise,2023-02-13
CUST00102,May-Ross,Technology,Tajikistan,SMB,2023-04-27
CUST00103,"Rivera, Johnson and Wiley",Education,Eritrea,SMB,2023-08-18
CUST00104,Carpenter LLC,Education,Argentina,Enterprise,2024-07-18
CUST00105,Carlson LLC,Retail,Saint Lucia,Enterprise,2023-05-13
CUST00106,Graham-Joyce,Manufacturing,Brazil,Mid-Market,2023-03-25
CUST00107,Lam-Lee,Education,Aruba,SMB,2025-06-29
CUST00108,"Graham, Meyer and Drake",Retail,Poland,Mid-Market,2023-09-08
CUST00109,"Bentley, Mclaughlin and Gonzalez",Healthcare,Jersey,Mid-Market,2025-04-13
CUST00110,Rush LLC,Healthcare,Nigeria,Enterprise,2024-05-24
CUST00111,Alvarado-Martinez,Finance,United Arab Emirates,SMB,2024-01-10
CUST00112,Hunter-Estrada,Technology,Greece,Mid-Market,2023-02-16
CUST00113,Terry-Spencer,Manufacturing,Congo,SMB,2025-01-08
CUST00114,Ortega-Gray,Healthcare,San Marino,SMB,2024-12-18
CUST00115,Gilbert LLC,Finance,Iraq,SMB,2025-01-14
CUST00116,"Bass, Torres and Clark",Manufacturing,Solomon Islands,SMB,2024-06-29
CUST00117,"Lawson, Morris and Ramos",Manufacturing,Peru,SMB,2024-05-15
CUST00118,Dixon Ltd,Finance,Chile,SMB,2023-09-20
CUST00119,"Miller, Robertson and Schultz",Education,Grenada,Enterprise,2023-06-11
CUST00120,Cardenas and Sons,Finance,Peru,SMB,2025-05-06
CUST00121,Walker-Gonzalez,Finance,Anguilla,Mid-Market,2023-01-10
CUST00122,Sanchez Group,Technology,New Zealand,SMB,2025-02-10
CUST00123,Gibson Ltd,Education,Morocco,SMB,2024-10-31
CUST00124,Higgins Group,Education,Lithuania,SMB,2023-10-30
CUST00125,Sanchez-Douglas,Education,Albania,SMB,2024-08-09
CUST00126,Osborne and Sons,Finance,Christmas Island,SMB,2024-04-18
CUST00127,"Holmes, Williams and Wright",Manufacturing,Thailand,SMB,2024-04-28
CUST00128,Bryant Group,Retail,Papua New Guinea,SMB,2024-07-04
CUST00129,"Travis, Larson and Dodson",Healthcare,Uganda,Enterprise,2024-03-05
CUST00130,Salazar-Ball,Healthcare,Madagascar,Mid-Market,2023-11-23
CUST00131,Rivas-Kelley,Healthcare,Ukraine,SMB,2024-01-21
CUST00132,Manning Group,Technology,Korea,SMB,2024-11-20
CUST00133,Walton-Larsen,Manufacturing,Falkland Islands (Malvinas),Mid-Market,2023-05-01
CUST00134,"Washington, Allen and Gonzales",Technology,Rwanda,Mid-Market,2023-12-04
CUST00135,Young-Rogers,Retail,Uganda,Mid-Market,2025-05-17
CUST00136,"Miller, Hernandez and Reyes",Healthcare,Cape Verde,SMB,2025-05-12
CUST00137,"Lewis, Perry and Rivera",Education,Lao People's Democratic Republic,Mid-Market,2024-01-18
CUST00138,Brown-Wall,Finance,Iceland,SMB,2023-09-16
CUST00139,"Shah, Smith and Gilmore",Retail,Morocco,Mid-Market,2024-02-20
CUST00140,Woods-Bender,Manufacturing,French Southern Territories,SMB,2023-11-19
CUST00141,Castaneda-Ashley,Retail,Italy,SMB,2024-09-20
CUST00142,"Adkins, Payne and Morrison",Retail,Cyprus,Mid-Market,2025-03-01
CUST00143,Robinson-Graham,Finance,Antarctica (the territory South of 60 deg S),SMB,2024-02-03
CUST00144,Rogers-Shelton,Finance,Iraq,SMB,2023-04-02
CUST00145,"Martin, Mcdonald and Anderson",Healthcare,Nigeria,SMB,2024-02-28
CUST00146,"Johnson, Long and Elliott",Finance,Anguilla,SMB,2024-03-21
CUST00147,Day and Sons,Healthcare,Tonga,SMB,2024-08-31
CUST00148,White-Green,Technology,Greece,SMB,2025-03-15
CUST00149,Gibson LLC,Education,Senegal,SMB,2023-01-28
CUST00150,Ramirez-Bean,Retail,Italy,Mid-Market,2024-01-04
CUST00151,Conley-Ruiz,Technology,San Marino,Mid-Market,2024-01-19
CUST00152,"Williams, Crane and Walker",Healthcare,Bangladesh,SMB,2023-04-28
CUST00153,"Williams, Johnson and Wright",Retail,Taiwan,Mid-Market,2023-08-08
CUST00154,Howell and Sons,Education,Brunei Darussalam,Mid-Market,2023-04-30
CUST00155,Caldwell-Elliott,Technology,Cuba,SMB,2025-03-25
CUST00156,Lyons-Wang,Retail,Chad,SMB,2025-03-02
CUST00157,"Lawson, Adkins and Wilson",Education,Svalbard & Jan Mayen Islands,Mid-Market,2025-02-13
CUST00158,Oconnell Inc,Education,Mozambique,SMB,2023-02-03
CUST00159,Hickman PLC,Manufacturing,Philippines,Enterprise,2024-11-02
CUST00160,Sanders-Espinoza,Technology,Belarus,Enterprise,2023-03-19
CUST00161,"Vaughn, Burton and Garcia",Education,Sierra Leone,Enterprise,2024-04-15
CUST00162,Jefferson-Burke,Manufacturing,British Indian Ocean Territory (Chagos Archipelago),Mid-Market,2024-03-14
CUST00163,"Patton, Reed and Patterson",Healthcare,Heard Island and McDonald Islands,Mid-Market,2023-06-19
CUST00164,Hunter LLC,Education,American Samoa,SMB,2025-05-30
CUST00165,Short-Garcia,Healthcare,Guyana,SMB,2025-04-05
CUST00166,"Snow, Stevens and Hernandez",Technology,Christmas Island,Enterprise,2025-06-14
CUST00167,"Boyd, Santos and Gilbert",Manufacturing,Uruguay,Mid-Market,2024-07-30
CUST00168,"Hampton, Marshall and Petersen",Retail,Nauru,SMB,2024-03-15
CUST00169,Morris-Sanchez,Technology,Vietnam,SMB,2025-05-17
CUST00170,Ramirez Group,Healthcare,Ecuador,SMB,2024-02-06
CUST00171,Hudson-Barnett,Education,Guadeloupe,SMB,2023-03-11
CUST00172,Snyder LLC,Healthcare,Cocos (Keeling) Islands,Enterprise,2024-12-16
CUST00173,Lewis-Salinas,Retail,Guam,SMB,2025-01-28
CUST00174,Beard-Haynes,Manufacturing,Falkland Islands (Malvinas),Mid-Market,2023-06-20
CUST00175,"Smith, Vaughan and Miller",Retail,Saint Helena,SMB,2024-01-28
CUST00176,Freeman-Chang,Finance,Portugal,SMB,2023-12-02
CUST00177,Brewer-Henry,Manufacturing,Somalia,SMB,2024-02-24
CUST00178,Davis and Sons,Healthcare,Iraq,Mid-Market,2024-11-04
CUST00179,"Sanchez, Beck and Wood",Manufacturing,Micronesia,Enterprise,2024-06-16
CUST00180,"Cooper, Barajas and Pierce",Healthcare,Guinea,SMB,2023-12-01
CUST00181,"Chavez, Parker and Hall",Technology,Saint Helena,SMB,2023-06-01
CUST00182,Stewart Ltd,Education,Mauritania,Enterprise,2023-11-03
CUST00183,"Lopez, Robinson and Washington",Finance,Saint Kitts and Nevis,SMB,2024-10-23
CUST00184,"Bray, Warren and Campbell",Finance,Bolivia,SMB,2024-03-12
CUST00185,Phillips LLC,Education,Christmas Island,SMB,2024-01-27
CUST00186,Smith-Ferguson,Retail,Falkland Islands (Malvinas),Enterprise,2024-09-03
CUST00187,Mccann PLC,Education,French Guiana,Enterprise,2025-01-24
CUST00188,"Raymond, Little and Mullins",Manufacturing,Bosnia and Herzegovina,SMB,2025-04-05
CUST00189,Andrews Group,Education,Lesotho,Enterprise,2024-07-31
CUST00190,Peterson-Sheppard,Retail,El Salvador,Mid-Market,2023-03-02
CUST00191,Wilson-Jones,Technology,Liechtenstein,SMB,2023-02-03
CUST00192,Ray Ltd,Education,Austria,SMB,2024-01-31
CUST00193,Hernandez PLC,Finance,Yemen,Enterprise,2025-01-19
CUST00194,Miller-Wright,Finance,Moldova,SMB,2023-06-18
CUST00195,Obrien-Gibbs,Retail,Czech Republic,SMB,2024-08-08
CUST00196,"James, Kerr and Evans",Retail,Namibia,Enterprise,2023-06-24
CUST00197,Torres-Oliver,Education,New Zealand,Enterprise,2025-04-18
CUST00198,"Garcia, Farmer and Garrett",Technology,Estonia,Enterprise,2023-11-03
CUST00199,"Miller, Allen and Arnold",Finance,Cayman Islands,SMB,2025-04-06
CUST00200,Ortiz Ltd,Education,Nepal,Mid-Market,2025-06-13
CUST00201,Carter-Hall,Retail,Romania,SMB,2023-04-26
CUST00202,Warner-Gibson,Education,Poland,Mid-Market,2023-10-10
CUST00203,Bradshaw Ltd,Education,Namibia,SMB,2024-03-02
CUST00204,"Lara, Gonzalez and Wilson",Healthcare,Czech Republic,SMB,2023-09-13
CUST00205,"Hernandez, Baker and Thomas",Education,Bahamas,SMB,2024-01-17
CUST00206,Sparks PLC,Technology,San Marino,Enterprise,2024-11-29
CUST00207,"Morse, Gonzales and Harrison",Finance,Gabon,SMB,2024-01-21
CUST00208,"Powell, Nelson and Fernandez",Retail,Kazakhstan,SMB,2024-10-29
CUST00209,George Group,Technology,Saint Pierre and Miquelon,SMB,2023-09-23
CUST00210,Munoz-Johnson,Finance,Denmark,Mid-Market,2023-08-16
CUST00211,"Huff, Johnston and Sampson",Manufacturing,Serbia,Mid-Market,2025-06-02
CUST00212,"Underwood, Johnston and Hines",Healthcare,China,SMB,2023-07-01
CUST00213,Stone-Ramos,Retail,Fiji,Mid-Market,2023-01-15
CUST00214,Shea Group,Education,North Macedonia,Mid-Market,2023-06-23
CUST00215,Costa-Harrison,Education,Ireland,SMB,2025-01-06
CUST00216,Morris-Garcia,Healthcare,Central African Republic,SMB,2024-12-21
CUST00217,Jenkins-Simpson,Technology,Panama,SMB,2025-05-05
CUST00218,Cervantes-Pierce,Finance,Korea,SMB,2025-01-10
CUST00219,Edwards LLC,Manufacturing,Brazil,SMB,2025-04-12
CUST00220,Hancock-Bryan,Healthcare,Afghanistan,Enterprise,2025-06-30
CUST00221,"Booth, Murray and Brown",Manufacturing,Maldives,SMB,2023-12-03
CUST00222,Dean-Jimenez,Technology,Kenya,SMB,2025-05-14
CUST00223,Harris PLC,Manufacturing,Bulgaria,SMB,2025-03-08
CUST00224,Kim-Wolfe,Manufacturing,British Virgin Islands,SMB,2024-03-27
CUST00225,Dudley PLC,Education,South Georgia and the South Sandwich Islands,Mid-Market,2024-09-19
CUST00226,Mckinney LLC,Education,Micronesia,Mid-Market,2023-03-22
CUST00227,Tran Inc,Manufacturing,Czech Republic,Enterprise,2024-09-25
CUST00228,Murray Inc,Manufacturing,Oman,SMB,2024-11-03
CUST00229,Jimenez Ltd,Retail,French Guiana,Mid-Market,2024-05-19
CUST00230,"Thornton, Perry and Olson",Education,Latvia,Mid-Market,2024-04-06
CUST00231,Bryant and Sons,Education,Hungary,Enterprise,2025-01-23
CUST00232,Weeks PLC,Finance,San Marino,SMB,2025-04-14
CUST00233,Shields LLC,Finance,Sierra Leone,Mid-Market,2024-09-15
CUST00234,Morgan-French,Manufacturing,Ethiopia,Mid-Market,2023-07-25
CUST00235,Campbell LLC,Healthcare,Taiwan,SMB,2023-04-20
CUST00236,"Carpenter, Keller and Grimes",Education,Kiribati,Mid-Market,2024-07-19
CUST00237,"Washington, Cook and Hines",Retail,Honduras,Enterprise,2024-11-30
CUST00238,Cantu-Kane,Manufacturing,Qatar,SMB,2023-02-10
CUST00239,Armstrong and Sons,Technology,Togo,SMB,2024-11-15
CUST00240,Williams-Garner,Education,Romania,Enterprise,2025-06-25
CUST00241,Hughes-Alvarado,Finance,Swaziland,SMB,2023-09-20
CUST00242,"Pollard, Simpson and Johnson",Healthcare,Macao,Enterprise,2024-03-21
CUST00243,"Rivera, Garcia and Kirk",Technology,Bolivia,Mid-Market,2023-01-07
CUST00244,"Lozano, Smith and Thomas",Technology,Trinidad and Tobago,SMB,2025-06-14
CUST00245,"Booker, Jones and Harrington",Manufacturing,Estonia,Enterprise,2024-02-08
CUST00246,Hanson-Sanders,Retail,Belgium,SMB,2024-10-22
CUST00247,Phelps-Villarreal,Finance,Hong Kong,SMB,2023-07-18
CUST00248,Sims-Clay,Manufacturing,Libyan Arab Jamahiriya,Mid-Market,2024-07-05
CUST00249,"Johnson, Jones and Welch",Technology,Uruguay,Mid-Market,2024-06-03
CUST00250,Bright-Francis,Technology,Jordan,SMB,2023-04-03
CUST00251,Hodges Ltd,Retail,Tunisia,SMB,2025-02-18
CUST00252,Wallace Ltd,Finance,French Southern Territories,Enterprise,2023-11-28
CUST00253,Williams Inc,Healthcare,French Polynesia,SMB,2023-06-19
CUST00254,Brooks-Thomas,Technology,Marshall Islands,Mid-Market,2023-02-14
CUST00255,Knight-Sparks,Technology,Chile,SMB,2024-08-09
CUST00256,Miller Group,Healthcare,Niger,Mid-Market,2025-01-06
CUST00257,"Allen, Durham and Thomas",Technology,Kyrgyz Republic,Mid-Market,2024-09-07
CUST00258,"King, Scott and Smith",Healthcare,Spain,Mid-Market,2024-05-31
CUST00259,Santana-Byrd,Education,Cayman Islands,Enterprise,2024-06-18
CUST00260,Alexander LLC,Finance,Namibia,Mid-Market,2025-05-29
CUST00261,Fowler-Coleman,Manufacturing,El Salvador,SMB,2023-01-08
CUST00262,Bruce-Gonzalez,Manufacturing,Hungary,Mid-Market,2025-03-15
CUST00263,Rodriguez-James,Education,Guinea-Bissau,SMB,2025-04-03
CUST00264,"Phillips, Lyons and Johnson",Education,Switzerland,SMB,2024-01-15
CUST00265,"Foster, Smith and Grimes",Manufacturing,Slovakia (Slovak Republic),Mid-Market,2024-09-05
CUST00266,"Beltran, Lozano and Mcgee",Finance,Syrian Arab Republic,Enterprise,2023-09-02
CUST00267,Parsons-Hall,Finance,Spain,SMB,2023-10-29
CUST00268,Robinson-Lee,Healthcare,El Salvador,SMB,2023-04-30
CUST00269,"Campos, Saunders and Becker",Manufacturing,Burundi,SMB,2025-05-02
CUST00270,"Davis, Burton and Williams",Healthcare,Solomon Islands,SMB,2023-03-19
CUST00271,Johnson-Diaz,Technology,Bulgaria,SMB,2024-05-08
CUST00272,Browning LLC,Technology,San Marino,SMB,2023-11-20
CUST00273,Thompson-Anderson,Education,Mauritius,SMB,2025-01-08
CUST00274,Schmidt-Mcintyre,Technology,Switzerland,Enterprise,2024-03-07
CUST00275,Scott Group,Manufacturing,Sri Lanka,SMB,2025-04-09
CUST00276,Francis-Morgan,Finance,Brazil,SMB,2024-08-12
CUST00277,Mccarty-Taylor,Retail,Czech Republic,Mid-Market,2024-03-07
CUST00278,"Ramsey, Whitney and Coffey",Retail,Spain,Enterprise,2023-08-29
CUST00279,"Diaz, Gibbs and Smith",Healthcare,Mauritania,Enterprise,2024-07-15
CUST00280,Gibson Ltd,Retail,San Marino,SMB,2023-11-12
CUST00281,"Baker, James and Little",Education,Holy See (Vatican City State),SMB,2024-10-23
CUST00282,Leonard Group,Finance,Anguilla,Enterprise,2023-10-03
CUST00283,"Henson, Hoffman and Herman",Retail,Cyprus,SMB,2023-04-15
CUST00284,"Brown, Colon and Blankenship",Finance,Gabon,SMB,2025-03-05
CUST00285,"Ortiz, Taylor and Shah",Healthcare,Gabon,SMB,2025-02-25
CUST00286,Wilson-Young,Healthcare,Mauritania,SMB,2024-04-16
CUST00287,Price LLC,Retail,Paraguay,SMB,2023-09-17
CUST00288,"Horton, Fernandez and Matthews",Healthcare,Saint Lucia,Mid-Market,2023-02-13
CUST00289,Mcclure Ltd,Technology,Bolivia,Mid-Market,2024-07-10
CUST00290,Gilbert-Crosby,Education,Fiji,Mid-Market,2023-06-08
CUST00291,Vaughn and Sons,Technology,Kenya,Mid-Market,2024-10-15
CUST00292,Sampson-Foley,Education,Bolivia,SMB,2024-05-24
CUST00293,"Richardson, Winters and Newman",Manufacturing,Bahamas,SMB,2023-07-26
CUST00294,Hill-Donaldson,Technology,Yemen,SMB,2025-06-30
CUST00295,Davis-Lewis,Retail,Northern Mariana Islands,Mid-Market,2023-09-30
CUST00296,"Maddox, Williams and Cook",Education,Brunei Darussalam,Enterprise,2023-11-19
CUST00297,"Harris, Gallegos and Spencer",Manufacturing,Namibia,SMB,2023-08-16
CUST00298,Li and Sons,Education,Greenland,SMB,2024-09-01
CUST00299,Kramer PLC,Retail,Afghanistan,Mid-Market,2024-09-08
CUST00300,Garrison-Thomas,Education,Bulgaria,Mid-Market,2024-04-01
CUST00301,"King, Thompson and Guerrero",Manufacturing,Anguilla,SMB,2024-02-13
CUST00302,Smith and Sons,Finance,Namibia,SMB,2023-12-23
CUST00303,Smith-Baker,Manufacturing,Brunei Darussalam,SMB,2023-04-24
CUST00304,"Fisher, Wilson and Brown",Manufacturing,Kiribati,SMB,2024-06-23
CUST00305,Palmer-Rodriguez,Manufacturing,Macao,SMB,2023-03-10
CUST00306,Dougherty Inc,Retail,Saint Lucia,Enterprise,2023-03-05
CUST00307,"Boyd, Ellis and Maynard",Finance,Bahamas,Enterprise,2025-02-27
CUST00308,Boone-Simmons,Education,Botswana,SMB,2025-01-14
CUST00309,Joseph-Wallace,Technology,United Arab Emirates,SMB,2023-04-20
CUST00310,Morris and Sons,Retail,Bahrain,Enterprise,2023-08-16
CUST00311,Hill Ltd,Education,Myanmar,Enterprise,2024-06-15
CUST00312,"Joseph, James and Harper",Finance,French Polynesia,Enterprise,2023-10-26
CUST00313,Wagner-Jordan,Manufacturing,South Africa,SMB,2024-04-10
CUST00314,"Wilson, Pena and Rich",Education,Micronesia,SMB,2023-02-22
CUST00315,"Glenn, Jordan and Beasley",Technology,Isle of Man,SMB,2025-02-22
CUST00316,Wilcox-Ross,Technology,Saint Lucia,SMB,2024-11-06
CUST00317,Edwards LLC,Healthcare,Papua New Guinea,Mid-Market,2025-06-22
CUST00318,Brooks-Hernandez,Healthcare,Uzbekistan,SMB,2023-02-20
CUST00319,Jones-Decker,Technology,Bermuda,Mid-Market,2023-06-15
CUST00320,Davis-Rodgers,Manufacturing,Sudan,Mid-Market,2023-03-31
CUST00321,Hawkins PLC,Healthcare,Zimbabwe,Mid-Market,2023-01-25
CUST00322,"Hoffman, Santiago and Jenkins",Finance,Tunisia,SMB,2023-09-18
CUST00323,"Pugh, Henderson and Moon",Technology,Austria,Mid-Market,2023-05-20
CUST00324,Burke-Bell,Education,Morocco,SMB,2023-11-12
CUST00325,"Lewis, Douglas and Walker",Healthcare,Botswana,Mid-Market,2024-03-30
CUST00326,Bruce-Richardson,Retail,Serbia,SMB,2023-01-05
CUST00327,Andrews-Aguirre,Healthcare,Tanzania,Enterprise,2025-02-15
CUST00328,"Villegas, Cardenas and Austin",Technology,Norway,SMB,2023-10-07
CUST00329,"Johnson, Hickman and Gallegos",Retail,Ethiopia,Mid-Market,2023-01-30
CUST00330,White Ltd,Education,Serbia,Enterprise,2024-11-12
CUST00331,Dorsey-Bell,Retail,Cocos (Keeling) Islands,SMB,2023-05-11
CUST00332,Knight Group,Technology,Bangladesh,SMB,2025-04-21
CUST00333,Figueroa Inc,Technology,Bermuda,SMB,2024-11-07
CUST00334,"Moreno, Bennett and Chavez",Technology,Cayman Islands,SMB,2023-05-31
CUST00335,Collins-Nguyen,Finance,Western Sahara,SMB,2024-06-06
CUST00336,"Carlson, Ware and Moore",Education,Saudi Arabia,SMB,2024-01-03
CUST00337,"Williams, Miller and Ramos",Healthcare,Jamaica,Mid-Market,2025-01-08
CUST00338,Lawson-Perry,Education,Cuba,Mid-Market,2024-09-10
CUST00339,"Wilson, Jordan and Campbell",Manufacturing,Philippines,Enterprise,2024-08-13
CUST00340,"Tucker, Estrada and Williams",Manufacturing,Indonesia,Mid-Market,2023-04-01
CUST00341,"Brown, Harris and Dougherty",Retail,Seychelles,SMB,2024-10-01
CUST00342,Duran LLC,Manufacturing,Greece,Enterprise,2023-04-25
CUST00343,Smith Ltd,Healthcare,Jersey,Enterprise,2023-11-05
CUST00344,Anderson PLC,Manufacturing,Romania,Mid-Market,2025-03-27
CUST00345,Mason Ltd,Finance,Sri Lanka,Mid-Market,2024-03-18
CUST00346,Jones-Hensley,Finance,Armenia,SMB,2023-01-13
CUST00347,Smith-Morse,Healthcare,Tokelau,Mid-Market,2023-04-05
CUST00348,Johnston-Berry,Retail,Russian Federation,Mid-Market,2023-03-03
CUST00349,"Butler, Wilson and Smith",Retail,Greece,Mid-Market,2024-03-22
CUST00350,Solis PLC,Finance,Kuwait,SMB,2024-05-08
CUST00351,"Gillespie, Davis and Richard",Retail,Ecuador,SMB,2024-01-29
CUST00352,Chapman-Warren,Education,Indonesia,SMB,2023-02-07
CUST00353,Reese-Walker,Manufacturing,Slovakia (Slovak Republic),SMB,2025-04-03
CUST00354,Jones Ltd,Retail,Brazil,Enterprise,2023-05-21
CUST00355,"Hicks, Bullock and Bailey",Manufacturing,Saint Lucia,SMB,2024-05-13
CUST00356,"Briggs, Young and Thomas",Finance,Congo,Mid-Market,2024-09-18
CUST00357,Morrison Ltd,Healthcare,Belarus,SMB,2024-11-06
CUST00358,Bean Ltd,Technology,Lithuania,SMB,2024-10-22
CUST00359,Webster-Wolf,Retail,Kiribati,SMB,2025-01-28
CUST00360,"Glass, Cunningham and Reid",Healthcare,Nigeria,Mid-Market,2023-11-30
CUST00361,Lin-Burton,Retail,Canada,Mid-Market,2023-05-11
CUST00362,Jones-Ramos,Manufacturing,Gabon,SMB,2023-01-06
CUST00363,Vargas-Bell,Retail,Barbados,Mid-Market,2024-06-27
CUST00364,Murray-Johnson,Healthcare,Heard Island and McDonald Islands,SMB,2025-01-19
CUST00365,Jones-Lin,Education,Timor-Leste,Mid-Market,2025-05-28
CUST00366,Gilbert PLC,Manufacturing,Hungary,SMB,2025-06-14
CUST00367,Carpenter-Best,Education,Saint Vincent and the Grenadines,SMB,2024-04-20
CUST00368,Cole PLC,Technology,Pakistan,Mid-Market,2024-03-12
CUST00369,Morris Group,Education,Macao,SMB,2024-11-21
CUST00370,Rosario Group,Technology,Bosnia and Herzegovina,SMB,2023-12-09
CUST00371,Haas-Miller,Retail,Oman,SMB,2024-01-17
CUST00372,Williams Ltd,Healthcare,Kazakhstan,Mid-Market,2023-06-18
CUST00373,Warren-Bishop,Finance,Haiti,SMB,2023-11-10
CUST00374,Hardin-Hughes,Healthcare,Singapore,Enterprise,2023-12-28
CUST00375,Shelton-Williams,Education,Norfolk Island,Enterprise,2024-06-30
CUST00376,"Cook, Rivera and Grant",Education,Hungary,Mid-Market,2024-08-10
CUST00377,King-York,Healthcare,United States of America,Mid-Market,2023-12-01
CUST00378,"Marks, Cook and Aguilar",Retail,Cambodia,Enterprise,2023-12-20
CUST00379,Collins-Douglas,Finance,Panama,SMB,2024-08-27
CUST00380,Anderson-Fletcher,Manufacturing,Belize,Mid-Market,2025-04-26
CUST00381,Hansen-Schneider,Manufacturing,Greenland,SMB,2023-01-03
CUST00382,Santiago Ltd,Retail,Poland,SMB,2023-12-31
CUST00383,"Davis, Santiago and Romero",Healthcare,Andorra,Mid-Market,2024-06-14
CUST00384,Parker-Bean,Education,Guam,SMB,2023-01-18
CUST00385,Lee-Cooke,Manufacturing,Cape Verde,SMB,2025-04-14
CUST00386,Phillips Inc,Education,Madagascar,Mid-Market,2024-03-11
CUST00387,"Conley, Stephenson and Johnson",Education,Guadeloupe,Mid-Market,2023-04-21
CUST00388,"Anderson, Bennett and Martin",Technology,Switzerland,Enterprise,2023-08-11
CUST00389,"Wise, Lamb and Martin",Manufacturing,Kazakhstan,SMB,2025-01-12
CUST00390,Jenkins Ltd,Healthcare,Saint Helena,SMB,2025-05-04
CUST00391,Montes PLC,Finance,Finland,SMB,2023-05-07
CUST00392,"Bowers, Young and Allen",Education,Sudan,Mid-Market,2024-01-30
CUST00393,Mckee-Lee,Manufacturing,Philippines,SMB,2024-11-21
CUST00394,"Joyce, Murray and Campbell",Technology,Hong Kong,Enterprise,2023-06-22
CUST00395,"Rose, Burch and Montoya",Education,Spain,Mid-Market,2025-04-30
CUST00396,"Taylor, Wright and Davidson",Technology,Tunisia,SMB,2023-11-07
CUST00397,Spencer-Garcia,Education,Tanzania,SMB,2023-05-02
CUST00398,"Rosales, Mitchell and Hines",Manufacturing,Faroe Islands,SMB,2025-06-24
CUST00399,Whitehead-Hernandez,Manufacturing,Jordan,SMB,2024-02-03
CUST00400,Potts and Sons,Finance,Svalbard & Jan Mayen Islands,Enterprise,2023-09-27
CUST00401,Wilkerson-Arias,Education,Israel,SMB,2023-04-28
CUST00402,Sanders LLC,Education,Dominica,Enterprise,2024-04-25
CUST00403,Vang-Brooks,Technology,Antarctica (the territory South of 60 deg S),SMB,2024-07-02
CUST00404,Galvan-Combs,Technology,Pakistan,Mid-Market,2025-05-14
CUST00405,Moody-Taylor,Finance,France,SMB,2024-05-01
CUST00406,Horton-Taylor,Technology,Romania,SMB,2025-01-30
CUST00407,West-Smith,Manufacturing,Belgium,SMB,2023-07-25
CUST00408,Scott and Sons,Retail,Mexico,Enterprise,2024-04-20
CUST00409,"Lynch, Henderson and Parsons",Manufacturing,Dominica,SMB,2024-11-18
CUST00410,Martinez-Allen,Finance,Northern Mariana Islands,SMB,2023-09-15
CUST00411,"Bryant, Rodriguez and Stein",Manufacturing,Nepal,SMB,2024-01-07
CUST00412,"Smith, Robertson and Allen",Finance,Cambodia,Enterprise,2023-09-19
CUST00413,Patterson-Mendez,Manufacturing,Dominican Republic,SMB,2024-09-08
CUST00414,"Butler, Beck and Miller",Manufacturing,Guyana,SMB,2023-02-23
CUST00415,Ashley PLC,Finance,Madagascar,SMB,2024-10-03
CUST00416,"Spencer, Myers and Harrison",Manufacturing,North Macedonia,Mid-Market,2025-01-05
CUST00417,Zavala-King,Healthcare,Andorra,SMB,2023-09-30
CUST00418,Kramer-Cooper,Education,Saint Martin,SMB,2024-12-10
CUST00419,"Fuller, Ingram and Moss",Manufacturing,Grenada,Enterprise,2024-09-12
CUST00420,Williams PLC,Finance,Guadeloupe,SMB,2024-05-31
CUST00421,"Thompson, Maxwell and Marshall",Education,Qatar,SMB,2023-07-03
CUST00422,Welch-Cain,Healthcare,Bahrain,SMB,2025-03-28
CUST00423,"Parsons, Ellis and Carter",Education,Aruba,SMB,2023-09-24
CUST00424,Blackwell LLC,Retail,Venezuela,Mid-Market,2024-01-01
CUST00425,Robertson-Hays,Manufacturing,Mayotte,SMB,2024-11-24
CUST00426,King-Mullins,Manufacturing,Comoros,Mid-Market,2024-11-06
CUST00427,Kelly-Norman,Manufacturing,Tonga,Enterprise,2023-02-14
CUST00428,"Rivera, Martinez and Richardson",Technology,Tuvalu,Mid-Market,2024-09-09
CUST00429,Paul-Kline,Education,Hungary,SMB,2024-10-07
CUST00430,Beltran-Crawford,Finance,Luxembourg,Enterprise,2024-05-04
CUST00431,Glass-Stone,Healthcare,Spain,Mid-Market,2024-05-30
CUST00432,Acosta Inc,Retail,Jersey,Mid-Market,2023-03-22
CUST00433,"Carney, White and Carter",Manufacturing,Bosnia and Herzegovina,Mid-Market,2024-11-02
CUST00434,Murphy LLC,Retail,Gambia,SMB,2023-11-06
CUST00435,Morrison-Simmons,Manufacturing,Portugal,Mid-Market,2024-05-07
CUST00436,Bell-Williams,Education,Trinidad and Tobago,SMB,2024-04-05
CUST00437,Mendez-Graham,Education,Northern Mariana Islands,Mid-Market,2023-01-09
CUST00438,Jones Ltd,Technology,Iraq,SMB,2023-10-22
CUST00439,Palmer-Brady,Education,Cayman Islands,SMB,2023-05-13
CUST00440,Thomas PLC,Education,Philippines,Mid-Market,2024-09-10
CUST00441,Johnson-Jones,Finance,Slovakia (Slovak Republic),Mid-Market,2024-06-03
CUST00442,"Diaz, Reyes and Bradley",Healthcare,Netherlands,SMB,2023-09-09
CUST00443,Shelton LLC,Finance,Holy See (Vatican City State),Enterprise,2025-01-04
CUST00444,Hines-Berry,Manufacturing,Marshall Islands,Mid-Market,2024-10-18
CUST00445,Sanders-Banks,Healthcare,Egypt,Enterprise,2023-01-09
CUST00446,Johnson and Sons,Finance,Luxembourg,SMB,2025-03-26
CUST00447,"Hughes, Hoffman and Green",Manufacturing,Eritrea,SMB,2023-09-23
CUST00448,"Griffin, Davies and Mitchell",Manufacturing,United States Virgin Islands,Mid-Market,2025-04-04
CUST00449,Gonzalez-Taylor,Manufacturing,Barbados,SMB,2023-08-28
CUST00450,Thompson-Reeves,Education,Benin,SMB,2024-08-21
CUST00451,"Ponce, Downs and Contreras",Finance,Russian Federation,Mid-Market,2024-04-11
CUST00452,Pierce LLC,Healthcare,Uganda,Enterprise,2024-03-07
CUST00453,York-Joseph,Technology,Vanuatu,Enterprise,2024-07-14
CUST00454,"Little, Leon and Hicks",Education,British Virgin Islands,Mid-Market,2023-11-30
CUST00455,Conner and Sons,Retail,Somalia,Mid-Market,2024-08-06
CUST00456,Johnson-Spencer,Technology,Heard Island and McDonald Islands,Mid-Market,2025-03-16
CUST00457,Lara-Arnold,Finance,New Zealand,SMB,2024-02-16
CUST00458,Jones Group,Healthcare,Saint Barthelemy,SMB,2023-01-28
CUST00459,"Mendoza, Jenkins and Ortiz",Technology,Morocco,Enterprise,2023-05-26
CUST00460,Martinez LLC,Technology,Norway,SMB,2025-01-12
CUST00461,Cole Ltd,Finance,Maldives,SMB,2025-02-09
CUST00462,Anderson-Calderon,Retail,Micronesia,Enterprise,2024-12-09
CUST00463,"Matthews, Saunders and Anderson",Technology,Macao,Enterprise,2024-07-05
CUST00464,Guerra PLC,Manufacturing,Cape Verde,SMB,2024-04-18
CUST00465,Martin-Morris,Technology,Russian Federation,Mid-Market,2023-10-15
CUST00466,Reed PLC,Finance,Ukraine,Mid-Market,2023-01-08
CUST00467,Singleton-King,Technology,North Macedonia,SMB,2023-10-08
CUST00468,"Hill, Weber and Mendez",Manufacturing,Bermuda,Enterprise,2023-07-19
CUST00469,"Davidson, Vargas and Carpenter",Retail,Chile,Mid-Market,2024-03-25
CUST00470,"Weber, Winters and Morgan",Retail,Uzbekistan,SMB,2025-04-01
CUST00471,"Williams, Shields and Miller",Education,Yemen,SMB,2023-02-23
CUST00472,"Wise, Baker and Clark",Retail,Montserrat,SMB,2024-01-29
CUST00473,Montgomery-Johnson,Education,Tuvalu,SMB,2024-08-09
CUST00474,"Gardner, May and Turner",Technology,Ecuador,SMB,2025-06-25
CUST00475,"Sullivan, Chavez and Barker",Manufacturing,Cayman Islands,Enterprise,2023-12-18
CUST00476,Perry-Marshall,Retail,Guam,SMB,2024-09-22
CUST00477,"Thomas, Hensley and Flores",Retail,Tokelau,SMB,2025-04-06
CUST00478,Hester-Anderson,Manufacturing,Heard Island and McDonald Islands,SMB,2023-01-31
CUST00479,"Hoffman, Flores and Owens",Finance,Ethiopia,SMB,2023-01-31
CUST00480,Wright-Davis,Healthcare,French Guiana,SMB,2025-05-13
CUST00481,Lin-Barnes,Healthcare,Tonga,SMB,2023-11-09
CUST00482,Li PLC,Finance,Saint Helena,SMB,2025-03-19
CUST00483,Lee-Moore,Manufacturing,Malaysia,Mid-Market,2025-06-26
CUST00484,Jimenez-Parker,Manufacturing,Angola,SMB,2024-09-21
CUST00485,Landry PLC,Retail,Kuwait,Enterprise,2024-08-18
CUST00486,Lewis LLC,Finance,Australia,SMB,2023-03-28
CUST00487,Campbell PLC,Education,Turkmenistan,SMB,2024-06-08
CUST00488,"Chambers, Mitchell and Smith",Retail,Botswana,Mid-Market,2024-03-28
CUST00489,Anderson-Baker,Finance,Haiti,SMB,2025-02-09
CUST00490,Diaz-Morales,Technology,Montenegro,Mid-Market,2025-04-21
CUST00491,"Lee, Tran and Jones",Education,Madagascar,SMB,2025-06-05
CUST00492,Duran-Ramirez,Manufacturing,Nigeria,Mid-Market,2023-08-28
CUST00493,"Carr, Anderson and Davis",Retail,Holy See (Vatican City State),SMB,2023-05-23
CUST00494,Grant-Diaz,Manufacturing,Cambodia,Enterprise,2023-05-23
CUST00495,Morrison Group,Education,Macao,SMB,2024-04-10
CUST00496,Williams and Sons,Finance,Rwanda,SMB,2023-11-14
CUST00497,Brock-Stone,Manufacturing,Canada,Enterprise,2023-04-04
CUST00498,"Barry, Taylor and Velazquez",Finance,Ghana,SMB,2024-01-13
CUST00499,Long PLC,Education,Saint Vincent and the Grenadines,SMB,2024-04-17
CUST00500,Wheeler-Romero,Healthcare,Malawi,SMB,2023-04-13
CUST00501,"Burns, Hart and Wells",Manufacturing,Andorra,SMB,2024-11-22
CUST00502,Rivera-Rodriguez,Healthcare,Israel,SMB,2023-01-05
CUST00503,"Parker, Roach and Wiggins",Retail,Norfolk Island,SMB,2023-03-09
CUST00504,Carlson LLC,Retail,Palau,Mid-Market,2023-08-27
CUST00505,"Lane, Griffith and Silva",Manufacturing,Chile,SMB,2024-01-19
CUST00506,"Fuller, Harvey and Randall",Finance,Cameroon,Enterprise,2025-01-12
CUST00507,"Allen, Armstrong and Graves",Manufacturing,Comoros,SMB,2024-02-29
CUST00508,Alexander Group,Healthcare,Canada,Enterprise,2025-06-09
CUST00509,Vaughn-Jenkins,Healthcare,Singapore,SMB,2023-07-29
CUST00510,"Knapp, Salas and Fitzgerald",Finance,Bahamas,SMB,2023-01-21
CUST00511,"Taylor, Clark and Nguyen",Education,Panama,SMB,2024-05-27
CUST00512,Fox-Edwards,Education,China,Mid-Market,2023-05-08
CUST00513,Barr-Peterson,Retail,Guinea,Mid-Market,2024-01-30
CUST00514,"Ingram, Le and Schneider",Manufacturing,Puerto Rico,SMB,2024-11-12
CUST00515,Bishop-Lee,Healthcare,Egypt,Enterprise,2024-02-12
CUST00516,Grant-Walker,Finance,French Southern Territories,Enterprise,2023-10-03
CUST00517,Bush-Vaughn,Education,Liechtenstein,Mid-Market,2023-01-02
CUST00518,Castillo-Castro,Technology,Vietnam,Enterprise,2024-11-12
CUST00519,"Hill, Martinez and Rhodes",Finance,Hong Kong,SMB,2024-09-10
CUST00520,Cardenas-Blevins,Retail,Spain,Mid-Market,2024-12-16
CUST00521,Roberts LLC,Manufacturing,Zimbabwe,Enterprise,2024-09-25
CUST00522,"Miller, Bradshaw and Douglas",Retail,San Marino,SMB,2024-03-30
CUST00523,Lewis-Clayton,Manufacturing,Faroe Islands,SMB,2024-04-23
CUST00524,"Horton, Taylor and Gilbert",Education,Namibia,Enterprise,2025-01-02
CUST00525,Sanchez Ltd,Education,United Kingdom,Enterprise,2023-05-07
CUST00526,"Perez, Hall and Garcia",Healthcare,Greenland,SMB,2024-08-13
CUST00527,"Kennedy, Maldonado and Taylor",Education,Mexico,Enterprise,2023-11-20
CUST00528,Russell Group,Healthcare,Lesotho,Mid-Market,2025-04-09
CUST00529,"Gonzalez, Maynard and Morris",Finance,Oman,SMB,2024-07-15
CUST00530,Velez Inc,Manufacturing,Pakistan,Enterprise,2025-04-04
CUST00531,"Hall, Rodgers and Jefferson",Manufacturing,Argentina,Mid-Market,2023-05-29
CUST00532,Butler and Sons,Healthcare,Vietnam,SMB,2025-01-13
CUST00533,Osborn Group,Manufacturing,Solomon Islands,SMB,2024-10-27
CUST00534,Lopez-Curry,Healthcare,Tunisia,SMB,2023-09-04
CUST00535,Mcdowell-Smith,Technology,Montenegro,Enterprise,2024-05-15
CUST00536,"Rodriguez, Bird and Mitchell",Education,Norway,SMB,2025-03-25
CUST00537,"Warren, Small and Anderson",Manufacturing,Madagascar,Mid-Market,2024-05-15
CUST00538,Nelson-Lamb,Retail,Greenland,Mid-Market,2024-07-29
CUST00539,Simon Ltd,Finance,Equatorial Guinea,Enterprise,2023-11-04
CUST00540,"Lopez, Doyle and Gibbs",Manufacturing,Montenegro,SMB,2024-09-29
CUST00541,"Todd, Thompson and Chase",Manufacturing,Ukraine,SMB,2024-10-10
CUST00542,Wilcox-Robertson,Technology,Benin,SMB,2023-09-11
CUST00543,Caldwell-Lopez,Healthcare,Burundi,Mid-Market,2023-10-16
CUST00544,Morris-Wright,Healthcare,Eritrea,Mid-Market,2025-03-07
CUST00545,Young-Molina,Healthcare,Zimbabwe,SMB,2023-10-21
CUST00546,Turner-Sharp,Retail,Algeria,Enterprise,2025-01-31
CUST00547,Valdez-Schwartz,Retail,Bahamas,Mid-Market,2024-06-11
CUST00548,"Wilson, Parker and Sullivan",Healthcare,Macao,SMB,2024-06-24
CUST00549,"Carrillo, Vaughn and Fowler",Retail,Wallis and Futuna,SMB,2024-11-26
CUST00550,Richardson-Walker,Manufacturing,Burkina Faso,SMB,2024-10-08
CUST00551,Hernandez-Adkins,Retail,New Caledonia,SMB,2023-01-07
CUST00552,Perry-Dunn,Healthcare,Latvia,SMB,2024-03-17
CUST00553,"Pham, Petersen and Gill",Finance,Pitcairn Islands,SMB,2025-02-26
CUST00554,"Marks, Miller and Griffin",Manufacturing,Romania,SMB,2024-03-25
CUST00555,Miller-Elliott,Manufacturing,Bahamas,SMB,2024-02-09
CUST00556,"Leach, Harris and Herrera",Healthcare,Chad,SMB,2023-05-10
CUST00557,Bond-Ramos,Healthcare,Pitcairn Islands,SMB,2024-05-06
CUST00558,Love Group,Education,Bermuda,SMB,2024-08-28
CUST00559,"Griffin, Brown and Anderson",Education,Israel,SMB,2024-03-12
CUST00560,Elliott-Hansen,Finance,Peru,Mid-Market,2023-02-11
CUST00561,Cummings-Foster,Technology,Svalbard & Jan Mayen Islands,Mid-Market,2023-05-14
CUST00562,Reese PLC,Technology,Barbados,Mid-Market,2023-09-16
CUST00563,Henderson Ltd,Education,Bahrain,Mid-Market,2023-03-18
CUST00564,"Mcknight, Michael and Jones",Finance,Vietnam,Mid-Market,2024-07-01
CUST00565,Johnson-Ortiz,Retail,Seychelles,Enterprise,2023-12-31
CUST00566,Cannon Ltd,Education,Oman,SMB,2023-08-26
CUST00567,Brooks-Vance,Retail,Kiribati,Mid-Market,2025-04-17
CUST00568,Bennett-Vega,Retail,Panama,SMB,2023-04-13
CUST00569,"Anderson, Dalton and Wilson",Healthcare,Mauritania,Mid-Market,2025-04-26
CUST00570,Rice-Luna,Retail,Czech Republic,Enterprise,2024-09-06
CUST00571,Avila LLC,Manufacturing,Kyrgyz Republic,SMB,2024-05-05
CUST00572,"Ball, Coleman and Gray",Education,Denmark,SMB,2023-02-15
CUST00573,Murray and Sons,Manufacturing,Falkland Islands (Malvinas),SMB,2024-03-13
CUST00574,Pineda Ltd,Retail,Serbia,Mid-Market,2023-10-16
CUST00575,Johnson Ltd,Manufacturing,Italy,Enterprise,2024-05-26
CUST00576,"Miranda, Stephenson and Smith",Healthcare,Costa Rica,SMB,2025-01-14
CUST00577,Garcia Inc,Manufacturing,Kiribati,SMB,2024-09-08
CUST00578,"Powers, Brennan and Sanchez",Manufacturing,Aruba,Mid-Market,2024-06-23
CUST00579,Gonzales-Fernandez,Education,Saudi Arabia,SMB,2023-05-23
CUST00580,Taylor LLC,Retail,Djibouti,Mid-Market,2024-03-10
CUST00581,"Johnston, Ray and Barton",Technology,Svalbard & Jan Mayen Islands,SMB,2023-06-03
CUST00582,Young-Walter,Education,Panama,SMB,2025-02-08
CUST00583,"Walker, Turner and Brown",Healthcare,Yemen,Mid-Market,2024-08-08
CUST00584,"Hobbs, Buck and Garrett",Retail,Japan,Mid-Market,2024-02-06
CUST00585,"Simpson, Compton and David",Retail,Paraguay,SMB,2023-10-16
CUST00586,Floyd-Flores,Education,Israel,Mid-Market,2023-10-03
CUST00587,Hernandez-Bennett,Finance,Saudi Arabia,SMB,2023-11-19
CUST00588,"Wells, Atkinson and Turner",Finance,Russian Federation,Mid-Market,2025-03-26
CUST00589,Shaffer Inc,Manufacturing,Monaco,Mid-Market,2024-10-02
CUST00590,Faulkner-Grant,Education,Burkina Faso,SMB,2025-03-15
CUST00591,Sanchez-Harris,Healthcare,Oman,Enterprise,2024-02-01
CUST00592,Nielsen LLC,Finance,Bermuda,SMB,2023-03-31
CUST00593,"Hardy, Lee and Adams",Manufacturing,Peru,SMB,2025-05-29
CUST00594,"Morrison, Russo and Lopez",Retail,Senegal,Mid-Market,2024-01-11
CUST00595,"Ramsey, Hansen and Mendoza",Retail,Trinidad and Tobago,SMB,2025-05-23
CUST00596,Turner-Stout,Manufacturing,Croatia,SMB,2025-06-14
CUST00597,Hayden Inc,Education,San Marino,SMB,2024-04-21
CUST00598,Rocha-Dominguez,Technology,Romania,SMB,2023-05-30
CUST00599,Sanders and Sons,Retail,Micronesia,SMB,2025-02-15
CUST00600,Rowe-James,Retail,Martinique,Enterprise,2024-06-21
CUST00601,"Howard, Green and Hunt",Retail,Luxembourg,Mid-Market,2025-04-22
CUST00602,Garcia-Zavala,Manufacturing,Latvia,Enterprise,2023-05-29
CUST00603,Rocha-Wood,Education,Isle of Man,SMB,2024-11-21
CUST00604,Hart and Sons,Healthcare,Saint Vincent and the Grenadines,Mid-Market,2024-03-06
CUST00605,Smith PLC,Retail,Vietnam,SMB,2025-04-13
CUST00606,"Riley, Butler and Hernandez",Education,Greenland,SMB,2024-04-11
CUST00607,James and Sons,Retail,Luxembourg,SMB,2025-05-27
CUST00608,"Pena, Cohen and Scott",Technology,Swaziland,SMB,2024-09-23
CUST00609,Levy-May,Healthcare,Liechtenstein,SMB,2023-08-05
CUST00610,Jackson-Norton,Technology,Chile,SMB,2024-02-29
CUST00611,Cortez Group,Healthcare,Colombia,SMB,2023-11-22
CUST00612,"Mooney, Bernard and Warren",Technology,Taiwan,Mid-Market,2024-03-23
CUST00613,Landry Ltd,Retail,Australia,SMB,2025-03-15
CUST00614,Gutierrez Ltd,Finance,Djibouti,Mid-Market,2023-04-24
CUST00615,Mann Inc,Retail,Cuba,SMB,2024-09-06
CUST00616,"Bryant, Brown and Little",Finance,Vietnam,Mid-Market,2023-01-24
CUST00617,"Durham, Hopkins and Smith",Retail,Martinique,SMB,2024-03-09
CUST00618,"Jenkins, Smith and Bowen",Manufacturing,Mauritania,SMB,2024-06-07
CUST00619,Smith-Li,Retail,Peru,Mid-Market,2025-04-08
CUST00620,Drake-Browning,Healthcare,Botswana,Mid-Market,2023-05-06
CUST00621,Warren and Sons,Technology,Congo,SMB,2024-01-28
CUST00622,"Fox, Ochoa and Adams",Education,Indonesia,SMB,2024-10-22
CUST00623,Watson Group,Healthcare,Kuwait,SMB,2024-09-24
CUST00624,"Sanchez, Terry and Evans",Retail,Sweden,Enterprise,2023-01-06
CUST00625,Valdez Ltd,Retail,Senegal,Enterprise,2024-11-06
CUST00626,Davis Group,Finance,Honduras,SMB,2023-08-10
CUST00627,"Alvarez, Walsh and Warner",Education,Belize,SMB,2025-06-16
CUST00628,Bruce-Newman,Finance,Greenland,SMB,2023-07-11
CUST00629,"Madden, Dickson and Jacobson",Education,Uruguay,SMB,2023-10-07
CUST00630,Hall Ltd,Retail,Tuvalu,SMB,2023-09-12
CUST00631,"Alvarez, Williams and Jones",Finance,Uzbekistan,Enterprise,2025-01-26
CUST00632,Lam-Elliott,Finance,Antigua and Barbuda,SMB,2024-11-13
CUST00633,Mcfarland LLC,Retail,Andorra,Enterprise,2024-08-20
CUST00634,Matthews Ltd,Manufacturing,Swaziland,SMB,2024-04-08
CUST00635,Hickman-Evans,Manufacturing,Mongolia,SMB,2023-12-28
CUST00636,Knight Group,Education,Philippines,SMB,2024-01-01
CUST00637,"Rivera, Campos and Taylor",Technology,Portugal,Mid-Market,2023-11-13
CUST00638,"Miller, Mcgee and Reed",Finance,Bolivia,Mid-Market,2024-12-02
CUST00639,Hall-Jones,Education,Netherlands,Mid-Market,2023-02-11
CUST00640,"Friedman, Sanders and Ayala",Technology,Antarctica (the territory South of 60 deg S),Enterprise,2023-09-15
CUST00641,"Nelson, Riddle and Henry",Healthcare,Guinea-Bissau,Mid-Market,2025-04-03
CUST00642,"Pugh, Reynolds and Frazier",Technology,Panama,Mid-Market,2023-11-09
CUST00643,Miller-Montgomery,Finance,South Georgia and the South Sandwich Islands,Mid-Market,2025-02-24
CUST00644,Marquez Inc,Retail,Ethiopia,SMB,2023-02-24
CUST00645,James Ltd,Retail,Cape Verde,Mid-Market,2025-04-04
CUST00646,"Price, Ward and Davis",Technology,Western Sahara,SMB,2024-06-16
CUST00647,Wallace-Juarez,Healthcare,Bosnia and Herzegovina,SMB,2023-05-05
CUST00648,Miller Group,Retail,Kiribati,SMB,2024-04-13
CUST00649,"Peters, Russell and Johnson",Technology,Guinea,Enterprise,2024-04-14
CUST00650,"Davis, George and Nguyen",Healthcare,Hungary,Enterprise,2024-10-22
CUST00651,Carter Group,Manufacturing,Slovakia (Slovak Republic),SMB,2024-09-24
CUST00652,Hardy PLC,Education,United Kingdom,Enterprise,2023-08-31
CUST00653,Armstrong and Sons,Retail,Poland,Mid-Market,2025-04-13
CUST00654,Jackson-Adams,Education,Ethiopia,SMB,2023-07-28
CUST00655,Thomas-Jackson,Finance,Falkland Islands (Malvinas),SMB,2023-02-22
CUST00656,Evans-Patton,Retail,Guyana,SMB,2023-12-13
CUST00657,Raymond-Le,Technology,Lithuania,SMB,2023-05-13
CUST00658,"Jensen, Ellis and Taylor",Retail,Albania,Mid-Market,2024-01-24
CUST00659,Cook-Oliver,Technology,Spain,Enterprise,2024-02-27
CUST00660,Alexander-Jordan,Manufacturing,Swaziland,SMB,2023-03-20
CUST00661,"Mccann, Taylor and Flores",Finance,Yemen,Mid-Market,2024-06-17
CUST00662,"Harris, Edwards and Oconnell",Retail,Ghana,Mid-Market,2023-08-29
CUST00663,Navarro-Chen,Retail,Morocco,SMB,2025-05-06
CUST00664,Nguyen LLC,Education,Svalbard & Jan Mayen Islands,SMB,2025-05-25
CUST00665,Diaz-Frederick,Retail,Cook Islands,SMB,2023-08-18
CUST00666,"Osborn, White and Saunders",Finance,Anguilla,SMB,2025-02-20
CUST00667,"Murray, Erickson and Gonzales",Education,French Guiana,Mid-Market,2025-02-14
CUST00668,"Jones, Abbott and Pope",Technology,Peru,Mid-Market,2024-07-20
CUST00669,Taylor-Turner,Technology,El Salvador,SMB,2025-03-29
CUST00670,"Moore, Henderson and Bennett",Technology,Kiribati,Mid-Market,2023-10-08
CUST00671,"Mendoza, Morales and Hunter",Healthcare,Uruguay,SMB,2023-11-11
CUST00672,"Barnes, Johnson and Schmitt",Technology,Reunion,Enterprise,2023-01-10
CUST00673,"Wheeler, Rocha and Rodriguez",Finance,Egypt,Enterprise,2025-01-04
CUST00674,"Ortega, Jackson and Salazar",Technology,Mongolia,SMB,2023-08-29
CUST00675,"Byrd, Ross and Goodwin",Manufacturing,South Africa,SMB,2024-09-13
CUST00676,Rodriguez-Garcia,Retail,Cyprus,Enterprise,2024-01-13
CUST00677,"Burgess, Grant and Watts",Education,Cyprus,Mid-Market,2024-08-01
CUST00678,Brooks-Ford,Education,Philippines,Mid-Market,2023-12-03
CUST00679,"Vaughn, Hernandez and Cuevas",Finance,Liberia,SMB,2024-11-21
CUST00680,Phillips Inc,Technology,Brazil,SMB,2025-06-16
CUST00681,"Thomas, Collins and Gibson",Retail,Costa Rica,Enterprise,2025-01-30
CUST00682,"Webb, Alvarez and Kim",Manufacturing,Qatar,SMB,2024-03-08
CUST00683,Flores-Evans,Education,Sudan,Mid-Market,2025-01-09
CUST00684,"Wilson, Sweeney and Wong",Technology,Philippines,SMB,2024-12-17
CUST00685,Spears Ltd,Retail,Ecuador,Mid-Market,2024-03-25
CUST00686,"Thompson, Moore and Castro",Retail,Kyrgyz Republic,Mid-Market,2024-03-16
CUST00687,Salinas Ltd,Technology,Colombia,Enterprise,2023-06-22
CUST00688,Davidson Group,Finance,Indonesia,SMB,2023-08-16
CUST00689,Mclaughlin and Sons,Retail,Korea,SMB,2025-01-21
CUST00690,"Jordan, Smith and Lewis",Retail,Fiji,Mid-Market,2023-03-10
CUST00691,"Stokes, Brown and Garcia",Education,Tunisia,SMB,2024-12-14
CUST00692,"Lopez, Nguyen and Ellis",Retail,Estonia,Enterprise,2023-10-02
CUST00693,"Huffman, Rose and Fowler",Retail,Nepal,Mid-Market,2024-07-06
CUST00694,Carr-Matthews,Finance,Guernsey,Mid-Market,2025-01-05
CUST00695,Bruce-Williamson,Education,Suriname,Enterprise,2025-05-15
CUST00696,"Mccarthy, Evans and Mendez",Manufacturing,Belize,SMB,2023-02-13
CUST00697,"Anderson, Wilson and Torres",Technology,Cocos (Keeling) Islands,Enterprise,2025-04-30
CUST00698,Steele-Dixon,Manufacturing,Italy,Mid-Market,2024-09-12
CUST00699,"Taylor, Reyes and Lopez",Technology,North Macedonia,SMB,2023-10-08
CUST00700,"Steele, Brewer and Cooke",Manufacturing,Moldova,Enterprise,2024-05-23
CUST00701,Burns and Sons,Education,Colombia,SMB,2024-08-30
CUST00702,Wilkinson-Harvey,Healthcare,Tonga,SMB,2024-05-20
CUST00703,Crane-Washington,Technology,Congo,Mid-Market,2023-10-02
CUST00704,Maynard-Wagner,Retail,Lithuania,SMB,2024-06-16
CUST00705,Cohen-Perry,Healthcare,Tajikistan,Mid-Market,2024-03-10
CUST00706,Burns-Miller,Education,Antarctica (the territory South of 60 deg S),SMB,2024-09-20
CUST00707,Carter LLC,Retail,Czech Republic,SMB,2024-03-02
CUST00708,"Roberts, Norman and Cunningham",Finance,Sierra Leone,SMB,2024-08-21
CUST00709,Dunn-Wilson,Technology,Brazil,SMB,2024-10-22
CUST00710,Hampton-Morrow,Finance,Haiti,SMB,2024-09-21
CUST00711,"Carson, Williams and Ball",Finance,Mayotte,SMB,2024-02-07
CUST00712,Fritz Inc,Manufacturing,Saint Pierre and Miquelon,SMB,2023-07-02
CUST00713,"Potter, Evans and Kidd",Retail,Korea,SMB,2023-10-07
CUST00714,Bailey-Montoya,Education,Kazakhstan,SMB,2025-06-02
CUST00715,Rowe and Sons,Technology,Cote d'Ivoire,Mid-Market,2024-05-17
CUST00716,"Matthews, Bell and Page",Finance,Norfolk Island,Mid-Market,2025-01-25
CUST00717,Martin-Taylor,Manufacturing,Costa Rica,SMB,2023-01-15
CUST00718,Trujillo PLC,Manufacturing,Guernsey,SMB,2024-09-15
CUST00719,"Campbell, Ryan and Morris",Healthcare,Romania,SMB,2023-04-01
CUST00720,Roberts-Adams,Healthcare,Togo,SMB,2023-08-11
CUST00721,"Duke, Shelton and Davis",Retail,Sao Tome and Principe,Mid-Market,2024-06-19
CUST00722,Sellers-Riddle,Finance,Tonga,SMB,2025-01-30
CUST00723,"Martinez, Cline and Wright",Education,Rwanda,Mid-Market,2024-05-01
CUST00724,Poole-Juarez,Technology,Philippines,Mid-Market,2025-02-09
CUST00725,Burns-Ray,Finance,Ethiopia,SMB,2025-01-10
CUST00726,"Perry, Hayes and Schultz",Retail,Turkmenistan,Enterprise,2025-06-17
CUST00727,Powell Ltd,Technology,Fiji,SMB,2024-03-07
CUST00728,"Mayer, Wood and Clements",Manufacturing,Greece,SMB,2024-06-08
CUST00729,"Smith, Schroeder and Oconnor",Healthcare,Saint Martin,Mid-Market,2023-06-19
CUST00730,Reid-Terry,Finance,Thailand,Mid-Market,2025-01-17
CUST00731,Flynn Group,Retail,Cuba,SMB,2025-02-25
CUST00732,Summers-Simpson,Retail,Gibraltar,SMB,2023-05-22
CUST00733,Morgan-Lane,Retail,Mongolia,SMB,2024-03-07
CUST00734,Kramer-Shannon,Retail,Serbia,SMB,2023-11-23
CUST00735,Williams Ltd,Manufacturing,Slovenia,SMB,2024-11-21
CUST00736,Smith-Noble,Finance,Cayman Islands,Enterprise,2024-04-16
CUST00737,Bryant-Braun,Manufacturing,Japan,SMB,2023-06-29
CUST00738,Forbes and Sons,Education,Turkmenistan,Mid-Market,2025-02-03
CUST00739,"Turner, Baxter and Mcdowell",Retail,Bermuda,Enterprise,2024-09-22
CUST00740,"Ward, Miller and Beck",Manufacturing,Pakistan,SMB,2023-10-07
CUST00741,Williams Ltd,Technology,Gambia,Mid-Market,2023-11-29
CUST00742,"Lyons, Young and Rios",Manufacturing,Romania,Mid-Market,2023-12-15
CUST00743,Smith Group,Retail,Belarus,SMB,2024-08-21
CUST00744,Wheeler PLC,Manufacturing,Pitcairn Islands,Enterprise,2024-08-07
CUST00745,Smith-Dominguez,Education,Svalbard & Jan Mayen Islands,SMB,2024-10-10
CUST00746,Mcneil Group,Healthcare,Puerto Rico,SMB,2023-01-04
CUST00747,Woods and Sons,Technology,Hungary,Mid-Market,2023-08-18
CUST00748,Cross Inc,Healthcare,Bosnia and Herzegovina,Mid-Market,2024-04-15
CUST00749,Richardson-Evans,Education,Hong Kong,SMB,2023-02-03
CUST00750,May Ltd,Retail,Cambodia,SMB,2023-03-03
CUST00751,Moreno Inc,Technology,New Zealand,SMB,2024-08-04
CUST00752,"Martin, Bell and Lewis",Education,San Marino,SMB,2025-01-31
CUST00753,Gillespie PLC,Technology,Poland,Mid-Market,2023-01-13
CUST00754,Heath-Miller,Finance,Bolivia,SMB,2023-03-08
CUST00755,Goodwin PLC,Manufacturing,Saint Lucia,SMB,2023-08-22
CUST00756,Bell-Jordan,Manufacturing,Somalia,SMB,2024-09-15
CUST00757,Wright Ltd,Retail,Belize,Mid-Market,2023-02-22
CUST00758,Tran PLC,Technology,Saint Helena,SMB,2023-04-25
CUST00759,"Mitchell, Pugh and Johnson",Finance,Tanzania,SMB,2025-02-11
CUST00760,"Liu, Harris and Lawson",Technology,Comoros,SMB,2025-06-07
CUST00761,"Myers, Lucas and Bowers",Healthcare,South Africa,SMB,2023-11-13
CUST00762,Simpson Inc,Manufacturing,Dominican Republic,Enterprise,2023-04-16
CUST00763,Little-Jones,Healthcare,Tuvalu,SMB,2024-02-18
CUST00764,Hatfield LLC,Finance,Bulgaria,Mid-Market,2024-12-22
CUST00765,Valencia-Carroll,Technology,Haiti,Mid-Market,2023-11-30
CUST00766,"Vega, Farmer and Best",Healthcare,Sierra Leone,Enterprise,2024-11-06
CUST00767,Smith Inc,Finance,American Samoa,SMB,2023-10-19
CUST00768,Lewis-Livingston,Healthcare,Yemen,SMB,2024-01-05
CUST00769,Hunter-Fuller,Retail,Macao,SMB,2025-03-20
CUST00770,Henderson-Morales,Retail,Northern Mariana Islands,SMB,2025-03-10
CUST00771,"Medina, Hernandez and Miller",Manufacturing,Belgium,Mid-Market,2025-02-24
CUST00772,"Mccall, Mccann and Moore",Education,Greece,Mid-Market,2024-04-09
CUST00773,Willis-Hines,Manufacturing,Pakistan,SMB,2023-11-27
CUST00774,"Day, Collins and Kim",Finance,Zimbabwe,Enterprise,2023-05-11
CUST00775,Brown Inc,Education,Uzbekistan,Mid-Market,2024-06-12
CUST00776,Wilson-Salazar,Finance,Azerbaijan,SMB,2024-01-25
CUST00777,Wade-Barrett,Healthcare,China,Enterprise,2023-10-09
CUST00778,Smith and Sons,Retail,Reunion,Mid-Market,2024-06-15
CUST00779,Martin LLC,Education,Mali,SMB,2024-01-09
CUST00780,"Logan, Le and Jackson",Healthcare,Brunei Darussalam,Enterprise,2023-01-27
CUST00781,"Norman, Adams and Tanner",Education,Sierra Leone,Enterprise,2023-08-17
CUST00782,Rogers Group,Manufacturing,Faroe Islands,Enterprise,2024-05-02
CUST00783,"Brown, Joseph and Ray",Finance,Belarus,SMB,2023-04-18
CUST00784,Gibson-Ward,Healthcare,Luxembourg,SMB,2025-03-29
CUST00785,"Jackson, Moore and Ayala",Finance,Uganda,Mid-Market,2024-10-11
CUST00786,"Craig, Wilson and Yang",Technology,Afghanistan,SMB,2024-05-07
CUST00787,Trevino Inc,Finance,Ecuador,Mid-Market,2025-03-01
CUST00788,Ruiz Group,Education,Uruguay,SMB,2023-01-27
CUST00789,White Inc,Technology,Micronesia,SMB,2024-06-29
CUST00790,"Yang, Barnes and Morris",Education,Israel,Enterprise,2024-02-15
CUST00791,"Flores, Mckenzie and Duncan",Manufacturing,British Indian Ocean Territory (Chagos Archipelago),Mid-Market,2023-09-15
CUST00792,"Nunez, Williams and Walker",Finance,Maldives,SMB,2024-11-19
CUST00793,Finley Inc,Technology,Turkey,SMB,2023-05-01
CUST00794,Cline-Ayala,Manufacturing,Georgia,Mid-Market,2024-01-07
CUST00795,Miller-Bryant,Education,Heard Island and McDonald Islands,Enterprise,2024-11-12
CUST00796,Carter LLC,Technology,Saint Vincent and the Grenadines,Enterprise,2024-08-12
CUST00797,"Sanchez, Richardson and Bonilla",Healthcare,Sierra Leone,SMB,2024-10-05
CUST00798,Oconnor PLC,Manufacturing,Senegal,Enterprise,2023-12-03
CUST00799,Hernandez Group,Healthcare,Anguilla,SMB,2025-05-27
CUST00800,Weaver Ltd,Finance,Taiwan,Mid-Market,2023-11-10
CUST00801,"Wiley, Tapia and Smith",Technology,Palestinian Territory,Mid-Market,2024-06-02
CUST00802,Sweeney-Acosta,Healthcare,Bosnia and Herzegovina,Mid-Market,2025-03-28
CUST00803,Moreno and Sons,Healthcare,Italy,Enterprise,2024-07-15
CUST00804,Woodward-Kaufman,Education,Cambodia,Enterprise,2023-09-07
CUST00805,"Ramirez, Williams and Hall",Technology,Tanzania,SMB,2024-12-20
CUST00806,"Gutierrez, Huang and Ellis",Technology,San Marino,Mid-Market,2023-08-18
CUST00807,Carpenter PLC,Manufacturing,Burkina Faso,SMB,2024-04-04
CUST00808,"Wilkins, Jones and Bradley",Technology,Jordan,SMB,2024-11-21
CUST00809,"Brandt, Young and Green",Retail,Germany,Mid-Market,2024-09-16
CUST00810,Haynes-Moss,Technology,Ghana,SMB,2025-01-16
CUST00811,Nelson-Jones,Manufacturing,Cook Islands,SMB,2025-05-17
CUST00812,Chan PLC,Healthcare,Botswana,SMB,2023-09-16
CUST00813,Garcia Group,Technology,Lao People's Democratic Republic,SMB,2024-06-25
CUST00814,Russell-Herrera,Healthcare,Sierra Leone,Enterprise,2024-03-27
CUST00815,Hayes Group,Retail,Estonia,SMB,2024-11-05
CUST00816,Davis Ltd,Manufacturing,Gabon,Enterprise,2023-02-12
CUST00817,"Terry, Williams and Huff",Education,Greece,SMB,2023-04-17
CUST00818,Davis and Sons,Technology,Guinea-Bissau,Mid-Market,2023-04-02
CUST00819,Palmer-Byrd,Manufacturing,Eritrea,SMB,2024-12-06
CUST00820,Johnson Group,Technology,Timor-Leste,SMB,2025-05-07
CUST00821,Hawkins-Pierce,Healthcare,Bhutan,Enterprise,2024-11-27
CUST00822,Garcia-Leon,Education,British Virgin Islands,SMB,2025-04-23
CUST00823,Brown and Sons,Manufacturing,Bulgaria,Mid-Market,2024-12-10
CUST00824,Colon LLC,Manufacturing,Poland,Enterprise,2024-07-03
CUST00825,"Pace, Miller and Willis",Retail,United States Virgin Islands,Enterprise,2023-07-25
CUST00826,Johnson Inc,Finance,Congo,Enterprise,2023-06-06
CUST00827,"Ramos, Anderson and Stein",Education,Switzerland,SMB,2023-02-09
CUST00828,Martinez-Dunlap,Retail,Australia,Enterprise,2025-02-26
CUST00829,Glass Group,Education,Swaziland,SMB,2024-08-08
CUST00830,"Foster, Johnson and Vega",Education,China,Mid-Market,2023-08-18
CUST00831,Lewis-Lopez,Technology,Fiji,SMB,2025-04-04
CUST00832,Stephenson-Johnson,Education,Niger,SMB,2023-12-28
CUST00833,"Sanchez, Phillips and Jenkins",Technology,Mexico,SMB,2024-10-21
CUST00834,Brown-Ramirez,Technology,Burundi,Enterprise,2023-08-11
CUST00835,Gonzalez-Wilkerson,Retail,Malta,Mid-Market,2023-02-06
CUST00836,Mccoy PLC,Education,South Africa,Mid-Market,2023-09-13
CUST00837,Mayo Ltd,Retail,Guinea-Bissau,SMB,2025-06-20
CUST00838,Stephens-Washington,Technology,United States Minor Outlying Islands,Mid-Market,2024-08-23
CUST00839,"Shaw, Price and White",Manufacturing,Ghana,SMB,2024-10-01
CUST00840,"Robinson, Huang and Osborne",Healthcare,Azerbaijan,SMB,2024-08-27
CUST00841,Moreno-Wang,Education,Djibouti,Mid-Market,2023-02-23
CUST00842,Garcia Ltd,Healthcare,Dominican Republic,Mid-Market,2024-10-01
CUST00843,Ferguson-Moody,Finance,Saint Pierre and Miquelon,SMB,2024-02-21
CUST00844,Gallagher and Sons,Manufacturing,Morocco,SMB,2025-03-31
CUST00845,Kelly-Combs,Technology,Tanzania,Enterprise,2025-04-06
CUST00846,Thompson PLC,Technology,Ghana,SMB,2024-04-16
CUST00847,"Wolfe, Sloan and Johnson",Manufacturing,Reunion,SMB,2023-04-04
CUST00848,Meza-Elliott,Healthcare,Mongolia,Mid-Market,2023-03-23
CUST00849,Copeland Group,Manufacturing,Mauritius,Mid-Market,2023-09-14
CUST00850,Thompson-Johnson,Manufacturing,Azerbaijan,Mid-Market,2024-08-05
CUST00851,Guzman Inc,Education,Malta,Enterprise,2025-06-20
CUST00852,Smith-Hardin,Education,Cook Islands,SMB,2024-04-20
CUST00853,Peterson and Sons,Education,Uruguay,SMB,2024-04-28
CUST00854,Brown-Hernandez,Healthcare,Romania,SMB,2023-10-24
CUST00855,Schroeder PLC,Technology,Tokelau,SMB,2023-11-12
CUST00856,Yu-Brooks,Manufacturing,Western Sahara,SMB,2024-04-02
CUST00857,"Foster, Garcia and Turner",Technology,Burkina Faso,Mid-Market,2024-08-30
CUST00858,Oconnor Group,Education,Somalia,Mid-Market,2024-01-29
CUST00859,"Yu, Banks and Thompson",Education,Monaco,Mid-Market,2024-05-09
CUST00860,"Preston, Austin and Kelly",Finance,Papua New Guinea,Mid-Market,2025-03-20
CUST00861,"Olsen, Gray and Gross",Healthcare,French Polynesia,SMB,2024-10-29
CUST00862,Thompson Inc,Retail,Yemen,SMB,2024-09-13
CUST00863,"Fry, Myers and Gamble",Manufacturing,Montenegro,Mid-Market,2024-02-10
CUST00864,White LLC,Manufacturing,Uruguay,SMB,2023-03-11
CUST00865,"Walker, Cunningham and Zuniga",Healthcare,Cambodia,SMB,2025-05-13
CUST00866,Mcgee-Young,Manufacturing,Ghana,SMB,2025-06-10
CUST00867,Fields Inc,Retail,Swaziland,SMB,2024-11-17
CUST00868,"Santiago, Daniel and Rogers",Finance,Algeria,SMB,2024-08-26
CUST00869,Clark-Steele,Technology,Guernsey,SMB,2024-07-23
CUST00870,Buchanan-Le,Healthcare,Australia,Mid-Market,2023-04-26
CUST00871,Kim-Barnes,Healthcare,Chad,Enterprise,2024-09-03
CUST00872,Snyder-Gray,Retail,Mayotte,Enterprise,2023-02-01
CUST00873,Garcia-Mendoza,Manufacturing,Tonga,SMB,2023-03-30
CUST00874,"Curtis, Mcdaniel and Martin",Retail,Barbados,SMB,2024-05-24
CUST00875,Phillips LLC,Finance,Eritrea,SMB,2025-06-16
CUST00876,Jones and Sons,Manufacturing,Tuvalu,Enterprise,2023-01-25
CUST00877,Martin-Jones,Technology,Western Sahara,Mid-Market,2024-10-27
CUST00878,Morgan PLC,Manufacturing,Uganda,SMB,2024-04-28
CUST00879,Bush-Reynolds,Finance,Palau,SMB,2024-03-18
CUST00880,Lawson Group,Education,Cayman Islands,Mid-Market,2025-03-22
CUST00881,Garcia and Sons,Manufacturing,Comoros,SMB,2024-06-16
CUST00882,Terry-Bowen,Manufacturing,Saint Lucia,Mid-Market,2023-04-19
CUST00883,"Baker, Campbell and Young",Finance,Australia,SMB,2025-03-30
CUST00884,Armstrong-Larsen,Healthcare,Cape Verde,SMB,2025-04-14
CUST00885,Ward Group,Finance,Benin,SMB,2023-03-15
CUST00886,Colon-Weber,Education,Lesotho,SMB,2024-09-03
CUST00887,Davis and Sons,Manufacturing,Chile,SMB,2025-03-27
CUST00888,"Carter, Miller and Anthony",Retail,Gambia,Enterprise,2023-01-28
CUST00889,Ruiz-Jacobson,Technology,Estonia,Mid-Market,2023-05-12
CUST00890,May Group,Education,Colombia,SMB,2024-08-22
CUST00891,Mcclure-Wood,Education,Kiribati,Mid-Market,2025-03-05
CUST00892,Baker Group,Education,Estonia,Enterprise,2023-07-07
CUST00893,Hood PLC,Healthcare,Bahamas,SMB,2024-01-02
CUST00894,Goodwin Ltd,Retail,Bhutan,Mid-Market,2025-03-19
CUST00895,Barnett PLC,Retail,Isle of Man,SMB,2024-12-19
CUST00896,"Perez, Brown and Hughes",Education,Mali,SMB,2025-05-31
CUST00897,Sheppard-Mcdaniel,Retail,Vietnam,Mid-Market,2023-04-12
CUST00898,Armstrong-Young,Healthcare,French Southern Territories,SMB,2024-11-18
CUST00899,Foster Ltd,Retail,Antigua and Barbuda,SMB,2023-06-11
CUST00900,"Duncan, Black and Duncan",Manufacturing,Niger,Mid-Market,2023-03-09
CUST00901,Martinez Group,Finance,China,SMB,2025-06-14
CUST00902,Stanton and Sons,Finance,Brunei Darussalam,SMB,2023-09-03
CUST00903,Henderson Ltd,Finance,Jordan,Enterprise,2025-04-30
CUST00904,Osborn Ltd,Finance,Cameroon,SMB,2024-04-15
CUST00905,"Scott, Bartlett and Sloan",Finance,Bangladesh,Enterprise,2024-05-21
CUST00906,Hughes Group,Retail,Micronesia,SMB,2023-10-12
CUST00907,Gates-Stone,Technology,United States Virgin Islands,SMB,2025-01-06
CUST00908,Buchanan PLC,Education,Namibia,SMB,2023-01-24
CUST00909,"Harrington, Rodriguez and Hernandez",Manufacturing,Montenegro,Mid-Market,2024-01-25
CUST00910,"Aguilar, Hanna and Garcia",Education,Botswana,Enterprise,2023-09-12
CUST00911,"Chan, Floyd and Dillon",Education,Turkmenistan,Mid-Market,2024-06-13
CUST00912,Humphrey-Baker,Healthcare,Palau,SMB,2023-07-10
CUST00913,Armstrong-Kennedy,Healthcare,China,SMB,2023-03-20
CUST00914,Powell-Montgomery,Retail,Pitcairn Islands,SMB,2024-09-12
CUST00915,"Morales, Foster and Koch",Manufacturing,Portugal,Mid-Market,2024-06-16
CUST00916,Williams Group,Healthcare,Uruguay,SMB,2024-01-27
CUST00917,Prince-Smith,Finance,Svalbard & Jan Mayen Islands,Enterprise,2023-09-09
CUST00918,Collins-Cameron,Retail,Togo,Enterprise,2023-12-06
CUST00919,"Cohen, Compton and Perez",Finance,French Southern Territories,SMB,2023-08-12
CUST00920,"Ramos, Petersen and Adams",Education,Israel,Enterprise,2024-06-13
CUST00921,"Brewer, Lopez and Lewis",Technology,Swaziland,Mid-Market,2023-10-01
CUST00922,Figueroa-Malone,Healthcare,Trinidad and Tobago,SMB,2023-11-07
CUST00923,Nicholson-Robertson,Retail,Cayman Islands,SMB,2023-03-09
CUST00924,Collins PLC,Manufacturing,Iraq,Enterprise,2024-05-09
CUST00925,Deleon PLC,Retail,Turkmenistan,SMB,2024-02-27
CUST00926,"Johnson, Lee and Whitaker",Finance,Taiwan,Enterprise,2023-06-07
CUST00927,Wright Group,Manufacturing,Australia,Enterprise,2024-07-07
CUST00928,Bush-Hill,Manufacturing,Swaziland,SMB,2023-07-01
CUST00929,Wagner-Reid,Education,British Virgin Islands,Mid-Market,2023-09-24
CUST00930,"Johnson, Watson and Wheeler",Education,Christmas Island,SMB,2025-05-22
CUST00931,Matthews-Bailey,Education,Central African Republic,Mid-Market,2024-06-05
CUST00932,Curry-Barker,Finance,Finland,SMB,2023-06-02
CUST00933,Hughes and Sons,Finance,Timor-Leste,SMB,2023-06-10
CUST00934,"Chan, Lewis and Walker",Healthcare,Czech Republic,Mid-Market,2023-05-24
CUST00935,"Clark, Pearson and Palmer",Manufacturing,Tonga,SMB,2024-05-28
CUST00936,"Smith, Buck and Holland",Education,Netherlands Antilles,SMB,2025-01-06
CUST00937,Walker PLC,Technology,Sri Lanka,SMB,2025-06-24
CUST00938,Marquez-Fletcher,Retail,Falkland Islands (Malvinas),SMB,2023-08-17
CUST00939,Woodard-York,Education,Kuwait,Enterprise,2023-08-23
CUST00940,Robinson-Turner,Manufacturing,Mali,Enterprise,2023-01-17
CUST00941,"Sanders, Garcia and Hunt",Retail,Panama,Mid-Market,2024-03-15
CUST00942,Hoffman-Wheeler,Retail,Finland,Enterprise,2025-06-13
CUST00943,Cohen-Olson,Technology,Guadeloupe,SMB,2023-07-03
CUST00944,Davidson-Hensley,Education,Eritrea,SMB,2025-03-22
CUST00945,"Dawson, Stafford and Evans",Manufacturing,Canada,Mid-Market,2025-03-03
CUST00946,"Cannon, Yoder and Trujillo",Finance,Spain,SMB,2024-05-21
CUST00947,"Powell, Flores and Taylor",Manufacturing,Anguilla,Mid-Market,2024-04-08
CUST00948,"Jimenez, Phillips and Meadows",Manufacturing,Iraq,SMB,2025-01-13
CUST00949,Doyle-Aguilar,Finance,Montserrat,Mid-Market,2023-05-21
CUST00950,Cooper Ltd,Retail,Cyprus,Mid-Market,2025-05-11
CUST00951,"Nichols, Glover and Knox",Finance,Paraguay,SMB,2025-06-10
CUST00952,Romero-Bruce,Healthcare,Tajikistan,SMB,2024-03-06
CUST00953,"Walter, White and Davis",Manufacturing,Brunei Darussalam,Mid-Market,2025-06-06
CUST00954,"Green, Stokes and Hines",Manufacturing,Cocos (Keeling) Islands,Mid-Market,2024-12-26
CUST00955,"Lam, Pena and Walker",Manufacturing,Czech Republic,SMB,2024-05-19
CUST00956,"Savage, Fisher and Eaton",Finance,Holy See (Vatican City State),SMB,2023-01-02
CUST00957,Richards-Ford,Retail,British Indian Ocean Territory (Chagos Archipelago),SMB,2023-03-15
CUST00958,Brown-Walters,Manufacturing,Mozambique,SMB,2023-04-20
CUST00959,"Jones, Preston and Mason",Retail,Trinidad and Tobago,SMB,2023-10-22
CUST00960,"James, Evans and Brown",Manufacturing,Timor-Leste,Mid-Market,2023-05-29
CUST00961,Taylor and Sons,Technology,Guam,Mid-Market,2023-01-21
CUST00962,Benitez-Orozco,Retail,Kuwait,SMB,2023-02-14
CUST00963,Stewart Ltd,Education,Cocos (Keeling) Islands,Enterprise,2024-08-24
CUST00964,Freeman Ltd,Manufacturing,Christmas Island,SMB,2024-05-02
CUST00965,Walters-Smith,Manufacturing,Falkland Islands (Malvinas),SMB,2024-12-14
CUST00966,Juarez and Sons,Healthcare,Morocco,Mid-Market,2025-04-22
CUST00967,Burns Inc,Healthcare,Bulgaria,Mid-Market,2023-10-30
CUST00968,"Hamilton, Jordan and Patterson",Finance,Lesotho,SMB,2025-01-13
CUST00969,Smith-Ferguson,Manufacturing,Saint Martin,SMB,2024-01-23
CUST00970,Dodson-Mcclain,Education,Saudi Arabia,Mid-Market,2024-08-31
CUST00971,"Lee, Rhodes and Sims",Retail,Egypt,Enterprise,2025-03-02
CUST00972,Steele LLC,Manufacturing,Georgia,SMB,2023-04-26
CUST00973,Garcia PLC,Finance,Namibia,Mid-Market,2023-03-15
CUST00974,Jackson-Colon,Manufacturing,French Southern Territories,Mid-Market,2023-01-12
CUST00975,Bryant-Meyer,Retail,Malta,Mid-Market,2023-11-27
CUST00976,Hamilton-Mcdaniel,Technology,Burkina Faso,SMB,2024-09-06
CUST00977,Ferrell-Henry,Finance,Sao Tome and Principe,Mid-Market,2024-04-23
CUST00978,Martin Group,Education,Andorra,Mid-Market,2023-02-20
CUST00979,Walker and Sons,Healthcare,Croatia,SMB,2025-05-27
CUST00980,"Johnson, Wagner and Martinez",Education,Rwanda,SMB,2024-01-23
CUST00981,"Conner, Brooks and Bowman",Finance,Sierra Leone,SMB,2024-06-25
CUST00982,"Dean, Wheeler and Williams",Healthcare,Botswana,SMB,2023-08-23
CUST00983,"Huff, Williams and Wilson",Finance,Kenya,SMB,2023-03-28
CUST00984,Martinez-King,Technology,Reunion,SMB,2023-08-20
CUST00985,Harris Ltd,Retail,Norfolk Island,SMB,2025-01-15
CUST00986,Turner Ltd,Manufacturing,Bolivia,SMB,2023-02-19
CUST00987,"Meyer, Dean and Haynes",Technology,Italy,SMB,2025-01-10
CUST00988,Hunt PLC,Retail,British Indian Ocean Territory (Chagos Archipelago),Mid-Market,2025-05-28
CUST00989,Wilson-Rodriguez,Technology,Congo,SMB,2023-07-09
CUST00990,"Gonzalez, Baker and Mills",Finance,Cook Islands,SMB,2024-09-27
CUST00991,Warner-Phillips,Retail,Armenia,SMB,2023-08-20
CUST00992,"Crawford, Clark and Fitzpatrick",Manufacturing,Greenland,SMB,2023-09-01
CUST00993,Smith Ltd,Retail,Benin,Mid-Market,2024-12-11
CUST00994,Conley Ltd,Finance,Lithuania,SMB,2025-02-20
CUST00995,Herring PLC,Technology,Belarus,SMB,2023-09-18
CUST00996,"Cummings, Conway and Newman",Education,Korea,Mid-Market,2023-09-05
CUST00997,Baker-Williams,Manufacturing,Suriname,SMB,2025-04-21
CUST00998,Sawyer LLC,Finance,Guyana,SMB,2024-08-10
CUST00999,"Edwards, Rodgers and Davis",Manufacturing,Senegal,Mid-Market,2024-10-19
CUST01000,Smith and Sons,Retail,Panama,SMB,2024-08-05
CUST01001,"Jackson, Howard and Kim",Education,Nigeria,SMB,2023-08-17
CUST01002,Johns-Davis,Finance,Suriname,Enterprise,2024-06-16
CUST01003,White-Morales,Manufacturing,Korea,SMB,2024-08-27
CUST01004,Houston-Vaughn,Healthcare,Lesotho,Mid-Market,2023-04-11
CUST01005,Banks-Robles,Retail,Bouvet Island (Bouvetoya),Enterprise,2024-03-20
CUST01006,Horton Inc,Education,Western Sahara,Enterprise,2024-10-06
CUST01007,Garcia PLC,Education,Liberia,Mid-Market,2025-01-17
CUST01008,"Gregory, White and James",Manufacturing,Guinea-Bissau,SMB,2025-06-25
CUST01009,"Johnson, Cohen and Roberson",Retail,Uganda,SMB,2023-05-14
CUST01010,Webb Group,Finance,Bouvet Island (Bouvetoya),Enterprise,2023-06-14
CUST01011,Alexander-Brown,Healthcare,Palau,SMB,2024-06-20
CUST01012,Smith-Oneill,Manufacturing,Malta,Enterprise,2023-01-11
CUST01013,"Ray, Cunningham and Levine",Manufacturing,Paraguay,SMB,2023-04-26
CUST01014,Stone-Watts,Education,Niger,SMB,2024-07-01
CUST01015,Reynolds Ltd,Technology,Egypt,Enterprise,2023-06-15
CUST01016,Reed-Rhodes,Manufacturing,Hungary,Mid-Market,2023-01-24
CUST01017,Combs PLC,Healthcare,Uganda,Mid-Market,2024-07-07
CUST01018,"Brown, Schneider and Moore",Technology,Thailand,Mid-Market,2024-12-04
CUST01019,Christian-Booth,Technology,Belarus,Enterprise,2024-04-12
CUST01020,Flores-Rivera,Education,Fiji,SMB,2024-09-11
CUST01021,Hunter PLC,Finance,Norway,SMB,2024-06-08
CUST01022,Powell-Young,Education,Kuwait,Enterprise,2024-11-03
CUST01023,Solis-West,Education,Togo,Enterprise,2024-01-29
CUST01024,West-Wilson,Retail,Luxembourg,Mid-Market,2024-10-20
CUST01025,"Valdez, Garcia and Gutierrez",Finance,Moldova,SMB,2024-04-12
CUST01026,"Smith, Davis and Munoz",Education,Niger,Mid-Market,2023-05-17
CUST01027,"Torres, Romero and Clark",Technology,Paraguay,SMB,2024-12-03
CUST01028,Clements-Cox,Technology,Austria,SMB,2024-10-23
CUST01029,Richard LLC,Technology,Monaco,SMB,2023-11-10
CUST01030,"Greene, Moran and Cox",Education,Korea,SMB,2023-08-10
CUST01031,Davis Ltd,Retail,Cyprus,Mid-Market,2023-03-03
CUST01032,Peterson Ltd,Manufacturing,South Georgia and the South Sandwich Islands,SMB,2024-08-25
CUST01033,Kelley-Brooks,Finance,Botswana,SMB,2025-05-21
CUST01034,Prince Group,Healthcare,Burundi,Enterprise,2023-08-24
CUST01035,"Newton, Ortiz and King",Healthcare,Congo,Mid-Market,2024-06-18
CUST01036,Martinez Group,Finance,Cuba,Mid-Market,2024-03-09
CUST01037,Summers-Lee,Finance,Guadeloupe,Enterprise,2024-01-11
CUST01038,Sherman Inc,Finance,Vanuatu,SMB,2025-01-26
CUST01039,"Monroe, Chapman and Barton",Education,Korea,SMB,2025-02-24
CUST01040,Barrett-Blanchard,Education,Burkina Faso,SMB,2023-09-24
CUST01041,Smith-Fitzgerald,Manufacturing,Micronesia,SMB,2023-05-26
CUST01042,Roberson-Webb,Manufacturing,Malawi,Enterprise,2023-08-08
CUST01043,Holt and Sons,Finance,Saint Martin,Enterprise,2024-02-07
CUST01044,Garcia Ltd,Healthcare,Netherlands Antilles,SMB,2024-08-07
CUST01045,"Andrade, Gordon and Cruz",Retail,New Caledonia,SMB,2024-06-15
CUST01046,"Farmer, Hill and Stuart",Finance,French Polynesia,SMB,2024-04-21
CUST01047,Ballard-Taylor,Manufacturing,Netherlands,SMB,2023-01-18
CUST01048,"Tanner, Hunt and Cameron",Education,Mexico,SMB,2025-04-23
CUST01049,Joseph-Walls,Retail,Norfolk Island,Enterprise,2024-05-26
CUST01050,Harris PLC,Healthcare,Rwanda,SMB,2023-04-29
CUST01051,Parks-Morse,Manufacturing,Bulgaria,SMB,2024-09-24
CUST01052,"Santos, Mullen and Gordon",Education,Puerto Rico,SMB,2024-01-25
CUST01053,"Morris, Wilson and Bell",Healthcare,Lesotho,Mid-Market,2023-01-24
CUST01054,"Duncan, Contreras and Butler",Finance,San Marino,Mid-Market,2025-04-22
CUST01055,"Mitchell, Boone and Stokes",Manufacturing,Mali,Mid-Market,2025-01-23
CUST01056,Johnson and Sons,Finance,Austria,Enterprise,2025-03-05
CUST01057,"Brown, Adams and Floyd",Healthcare,France,SMB,2024-07-06
CUST01058,"King, Franco and Vaughn",Manufacturing,French Polynesia,Mid-Market,2023-03-03
CUST01059,Molina Inc,Retail,Guinea-Bissau,Enterprise,2023-08-22
CUST01060,Garcia-Parrish,Healthcare,Saint Vincent and the Grenadines,SMB,2023-12-23
CUST01061,"Hancock, Newton and Hoffman",Technology,Dominica,Mid-Market,2023-02-15
CUST01062,"Mueller, Lindsey and Roberts",Manufacturing,Papua New Guinea,SMB,2024-11-17
CUST01063,House Group,Retail,Israel,SMB,2023-02-25
CUST01064,"Edwards, Arnold and Smith",Finance,El Salvador,SMB,2024-03-21
CUST01065,Oliver Group,Retail,Switzerland,SMB,2025-05-08
CUST01066,Pruitt Ltd,Education,Russian Federation,Mid-Market,2023-03-07
CUST01067,"Richardson, Chapman and Rodgers",Manufacturing,Congo,SMB,2024-02-17
CUST01068,"Brandt, Phillips and Thompson",Finance,Pitcairn Islands,Mid-Market,2025-05-28
CUST01069,Lopez and Sons,Technology,Saint Pierre and Miquelon,Mid-Market,2024-12-25
CUST01070,"Wilson, Williams and Ramirez",Education,Estonia,Mid-Market,2024-08-26
CUST01071,Martin LLC,Retail,Albania,SMB,2025-02-06
CUST01072,Owens-Pineda,Finance,Armenia,SMB,2024-08-07
CUST01073,Mcfarland PLC,Education,Austria,Enterprise,2023-03-10
CUST01074,"Gilbert, Stanley and Henry",Finance,Montserrat,SMB,2023-01-23
CUST01075,"Howard, Bowers and Stewart",Education,Cyprus,SMB,2023-06-26
CUST01076,Meyer PLC,Technology,Cayman Islands,Mid-Market,2025-05-18
CUST01077,Daniels-Powell,Technology,Guernsey,Enterprise,2024-12-31
CUST01078,Ware Ltd,Healthcare,Greenland,Mid-Market,2023-10-18
CUST01079,Ward-Robinson,Healthcare,Sao Tome and Principe,SMB,2024-04-08
CUST01080,"Moreno, Barajas and Colon",Retail,Pakistan,Mid-Market,2024-07-01
CUST01081,Wilson LLC,Finance,Kiribati,Mid-Market,2023-04-26
CUST01082,Conway PLC,Manufacturing,Uruguay,SMB,2023-11-25
CUST01083,"Sanchez, Williams and Blackwell",Education,Hong Kong,Enterprise,2023-06-19
CUST01084,Cruz PLC,Finance,Saint Kitts and Nevis,Mid-Market,2025-06-06
CUST01085,Johnson-Black,Retail,Sierra Leone,SMB,2023-03-23
CUST01086,Robertson-Hicks,Finance,Libyan Arab Jamahiriya,Mid-Market,2024-11-26
CUST01087,Phillips Ltd,Technology,Congo,Mid-Market,2025-01-15
CUST01088,Palmer-Vaughan,Technology,Chad,Mid-Market,2023-05-09
CUST01089,"Ferguson, Sims and Clark",Finance,Norfolk Island,Mid-Market,2024-08-31
CUST01090,Hancock Group,Education,Syrian Arab Republic,SMB,2024-03-21
CUST01091,Harris Ltd,Finance,Turkey,SMB,2023-11-19
CUST01092,"Rowe, Lucas and Case",Technology,San Marino,Enterprise,2023-11-12
CUST01093,"Hernandez, Stevens and Rivera",Education,Benin,Mid-Market,2023-05-14
CUST01094,Brown LLC,Retail,Moldova,SMB,2025-02-21
CUST01095,Andrews and Sons,Technology,United States Minor Outlying Islands,Enterprise,2025-05-22
CUST01096,Russell-Hayes,Retail,Iraq,Enterprise,2023-03-03
CUST01097,Stewart-Price,Finance,British Indian Ocean Territory (Chagos Archipelago),SMB,2025-04-01
CUST01098,"Smith, Cortez and Brown",Technology,Samoa,Enterprise,2023-05-31
CUST01099,"Williams, Charles and Howard",Finance,Macao,SMB,2023-02-02
CUST01100,Roberts Ltd,Education,Gabon,SMB,2024-07-05
CUST01101,"Miller, Hubbard and Kim",Education,Indonesia,Mid-Market,2024-07-09
CUST01102,"Johnson, Moore and Robinson",Finance,San Marino,SMB,2023-10-01
CUST01103,Robles-Atkinson,Education,French Polynesia,SMB,2025-01-28
CUST01104,"Thomas, Byrd and Sloan",Finance,South Africa,SMB,2023-06-26
CUST01105,"Wong, Bernard and Smith",Retail,Tunisia,SMB,2025-03-30
CUST01106,"Thomas, Williams and Armstrong",Technology,India,SMB,2024-11-07
CUST01107,"Kelley, Miller and Clark",Manufacturing,Saint Vincent and the Grenadines,Enterprise,2023-03-04
CUST01108,"Cooper, Gutierrez and Brewer",Technology,Malaysia,Enterprise,2025-06-21
CUST01109,Martin and Sons,Healthcare,Nicaragua,Mid-Market,2023-02-20
CUST01110,Lee-White,Technology,South Georgia and the South Sandwich Islands,SMB,2023-08-24
CUST01111,"Phelps, York and Randolph",Manufacturing,Mexico,Mid-Market,2023-07-13
CUST01112,Newman-Jones,Finance,Paraguay,Enterprise,2025-05-05
CUST01113,King and Sons,Retail,Saint Kitts and Nevis,SMB,2025-01-30
CUST01114,"Freeman, Rivera and Anderson",Manufacturing,Palau,SMB,2024-11-15
CUST01115,Garcia PLC,Education,Bangladesh,SMB,2023-10-16
CUST01116,Stewart Group,Healthcare,Greenland,SMB,2025-03-02
CUST01117,"Hopkins, Steele and Hernandez",Retail,Montenegro,SMB,2024-09-28
CUST01118,Aguirre-Benjamin,Technology,Chile,SMB,2025-03-11
CUST01119,Edwards and Sons,Healthcare,Rwanda,SMB,2024-08-06
CUST01120,"Davidson, Hill and Ward",Retail,Philippines,SMB,2023-07-11
CUST01121,"Rivera, Castillo and Griffin",Education,Singapore,SMB,2024-03-22
CUST01122,Tucker-Rodriguez,Technology,Oman,SMB,2023-11-23
CUST01123,"Miller, Ramirez and Serrano",Manufacturing,Uganda,Mid-Market,2025-01-21
CUST01124,"Gonzalez, Gross and Sims",Technology,Saint Lucia,Enterprise,2023-05-20
CUST01125,Mcclain PLC,Technology,Norfolk Island,Mid-Market,2023-04-02
CUST01126,Hess PLC,Education,Iraq,SMB,2023-03-24
CUST01127,"Lewis, Johnson and Green",Education,Uganda,SMB,2024-08-06
CUST01128,"Kennedy, Rowe and Diaz",Retail,Czech Republic,Mid-Market,2024-05-10
CUST01129,"Quinn, Carter and Marshall",Retail,Malawi,SMB,2023-12-19
CUST01130,Sanders PLC,Healthcare,Algeria,SMB,2023-08-16
CUST01131,"Allen, Maynard and Holden",Manufacturing,Poland,Mid-Market,2024-03-15
CUST01132,Todd and Sons,Manufacturing,Kiribati,Mid-Market,2023-12-09
CUST01133,White PLC,Retail,Palestinian Territory,SMB,2024-09-06
CUST01134,Fitzgerald Group,Retail,Wallis and Futuna,Mid-Market,2024-02-03
CUST01135,Williams-Juarez,Retail,Djibouti,SMB,2023-01-11
CUST01136,Baker and Sons,Education,Armenia,Mid-Market,2023-10-17
CUST01137,"Clark, Velez and Ward",Education,Latvia,Mid-Market,2023-08-25
CUST01138,Keith-Williams,Finance,Pakistan,SMB,2023-08-08
CUST01139,Garcia-Schmitt,Technology,North Macedonia,Enterprise,2024-02-12
CUST01140,Davenport-Baker,Education,Mayotte,SMB,2024-01-19
CUST01141,"Thompson, Valdez and Diaz",Retail,Palau,Enterprise,2023-11-17
CUST01142,Black Group,Education,United States of America,SMB,2025-03-17
CUST01143,Black LLC,Technology,Svalbard & Jan Mayen Islands,SMB,2024-10-14
CUST01144,Tucker-Olson,Technology,Netherlands,SMB,2023-04-01
CUST01145,Shaw and Sons,Retail,Kazakhstan,Mid-Market,2025-05-13
CUST01146,Hall PLC,Finance,Norway,SMB,2023-05-25
CUST01147,Lewis-Lopez,Finance,Guyana,Enterprise,2024-09-02
CUST01148,"Love, Wilson and Hall",Technology,Sudan,Enterprise,2023-07-13
CUST01149,Cortez-Olson,Finance,Lesotho,SMB,2023-04-07
CUST01150,Clark-Martin,Healthcare,Syrian Arab Republic,SMB,2024-09-21
CUST01151,Johnson-Williams,Finance,Montserrat,SMB,2025-05-30
CUST01152,"Martin, Soto and Williams",Manufacturing,Montserrat,SMB,2024-12-28
CUST01153,Brown LLC,Education,Uzbekistan,SMB,2023-06-02
CUST01154,Black Group,Education,Netherlands Antilles,Mid-Market,2025-04-24
CUST01155,"Walsh, Johns and Luna",Retail,Swaziland,SMB,2024-08-21
CUST01156,Valentine-Robinson,Retail,New Caledonia,Enterprise,2023-06-12
CUST01157,Dillon-Jackson,Finance,Switzerland,SMB,2023-06-06
CUST01158,Burke-Norton,Finance,Swaziland,SMB,2025-03-15
CUST01159,Hanson PLC,Manufacturing,Estonia,Mid-Market,2024-11-20
CUST01160,Ramsey LLC,Finance,Uzbekistan,SMB,2024-09-29
CUST01161,Carlson-Jones,Healthcare,Honduras,Enterprise,2025-01-07
CUST01162,Anderson-Smith,Manufacturing,Mali,Mid-Market,2023-09-04
CUST01163,"Cohen, Serrano and Jacobs",Education,Christmas Island,Enterprise,2024-01-15
CUST01164,Valenzuela-Greene,Education,Turkey,Mid-Market,2024-09-02
CUST01165,"Gordon, Wilson and Olson",Finance,Bulgaria,SMB,2023-05-02
CUST01166,"Ryan, Smith and Pace",Technology,Philippines,SMB,2023-06-21
CUST01167,"Reynolds, Fisher and Golden",Healthcare,Qatar,Enterprise,2025-04-20
CUST01168,"Patterson, Mays and Olson",Finance,Seychelles,SMB,2023-11-28
CUST01169,Bell-Ballard,Education,United States of America,SMB,2025-02-20
CUST01170,"Johnston, Coleman and Scott",Healthcare,Seychelles,Enterprise,2024-10-26
CUST01171,Kent Inc,Manufacturing,Finland,SMB,2024-03-11
CUST01172,"Mcdowell, Ortiz and Lopez",Manufacturing,Russian Federation,Mid-Market,2025-01-08
CUST01173,"Clarke, Lane and Wilson",Healthcare,Albania,SMB,2025-05-30
CUST01174,Pena-Watts,Technology,Germany,Mid-Market,2024-03-29
CUST01175,Cox-Moore,Healthcare,Pakistan,Mid-Market,2024-01-08
CUST01176,"King, Wyatt and Henderson",Retail,Haiti,SMB,2025-05-24
CUST01177,"Hill, Becker and Fischer",Technology,Isle of Man,Mid-Market,2023-04-13
CUST01178,"Bowers, Olson and Wood",Healthcare,Moldova,Mid-Market,2024-10-11
CUST01179,King-Parker,Technology,Guatemala,SMB,2023-12-29
CUST01180,"Sanders, Taylor and Shields",Retail,British Indian Ocean Territory (Chagos Archipelago),Enterprise,2024-11-16
CUST01181,"Hall, Logan and Avery",Manufacturing,Bolivia,Mid-Market,2024-11-06
CUST01182,Romero LLC,Manufacturing,Spain,SMB,2025-03-14
CUST01183,"Mendez, Cohen and Williams",Finance,Iceland,SMB,2025-01-18
CUST01184,"Smith, Davis and Thomas",Finance,Vanuatu,Mid-Market,2023-10-02
CUST01185,"Graham, Brown and Walker",Healthcare,Belgium,SMB,2023-05-20
CUST01186,"Johnson, Cruz and Joyce",Finance,Nicaragua,SMB,2024-06-27
CUST01187,"Meyer, Dawson and Harper",Healthcare,Yemen,Mid-Market,2024-11-19
CUST01188,Bowman Group,Finance,Algeria,SMB,2024-01-23
CUST01189,Jefferson PLC,Education,France,SMB,2024-04-20
CUST01190,Johnson PLC,Retail,Malawi,Mid-Market,2023-09-08
CUST01191,"Hale, Gilbert and Craig",Education,Guyana,SMB,2024-01-12
CUST01192,Pena and Sons,Retail,Benin,SMB,2023-10-27
CUST01193,Chan-Gomez,Healthcare,Indonesia,Mid-Market,2025-02-16
CUST01194,Willis-Holmes,Manufacturing,Saint Pierre and Miquelon,Enterprise,2025-01-10
CUST01195,"Jones, Davis and Mitchell",Technology,Switzerland,SMB,2023-04-13
CUST01196,"Herman, Bailey and Richmond",Finance,Falkland Islands (Malvinas),SMB,2023-01-11
CUST01197,Obrien and Sons,Technology,Korea,SMB,2024-09-16
CUST01198,Andrews-Green,Education,Ireland,Enterprise,2025-01-28
CUST01199,"Rodriguez, Jones and Phillips",Manufacturing,Yemen,Mid-Market,2024-11-10
CUST01200,Pratt LLC,Finance,Turkey,Mid-Market,2024-10-28
CUST01201,"Li, Andrews and Benson",Finance,Honduras,Enterprise,2023-04-02
CUST01202,"Webb, Sanchez and Morgan",Retail,Singapore,SMB,2024-02-15
CUST01203,Maldonado-Mosley,Finance,Tokelau,Mid-Market,2025-05-26
CUST01204,Olson LLC,Manufacturing,Bangladesh,Mid-Market,2023-11-19
CUST01205,Schultz-Gamble,Healthcare,Philippines,Mid-Market,2025-01-22
CUST01206,"Hall, Stewart and Moses",Technology,Maldives,SMB,2023-05-11
CUST01207,"Smith, Collier and Wright",Healthcare,Bermuda,Enterprise,2024-04-10
CUST01208,Nunez-Nicholson,Healthcare,Belarus,Mid-Market,2024-02-28
CUST01209,"Velazquez, Woods and Gomez",Manufacturing,Uganda,SMB,2024-12-05
CUST01210,"Adams, Valentine and Vega",Retail,United States of America,Enterprise,2024-04-07
CUST01211,Porter and Sons,Finance,Dominica,SMB,2023-03-17
CUST01212,"Allen, Baker and Perez",Education,Syrian Arab Republic,SMB,2025-05-27
CUST01213,Huff LLC,Manufacturing,Cape Verde,SMB,2024-01-27
CUST01214,Wilson Inc,Finance,Philippines,Enterprise,2023-10-29
CUST01215,"Vasquez, Smith and Vincent",Technology,Armenia,Mid-Market,2024-02-11
CUST01216,Watson-Stewart,Healthcare,Ukraine,SMB,2023-05-18
CUST01217,"Melton, Henry and Joyce",Healthcare,United States Virgin Islands,Mid-Market,2024-06-10
CUST01218,"Ramirez, Walker and Ray",Retail,Austria,Enterprise,2025-05-20
CUST01219,"Lloyd, Mendoza and Fernandez",Finance,Macao,Enterprise,2023-10-31
CUST01220,Long-Parks,Technology,China,SMB,2025-02-20
CUST01221,Bray-Wolfe,Education,Kuwait,Mid-Market,2025-02-07
CUST01222,Norris-Smith,Finance,Cote d'Ivoire,SMB,2024-10-15
CUST01223,Carpenter-Nguyen,Retail,New Zealand,SMB,2024-03-21
CUST01224,Lopez-Baker,Retail,Ethiopia,Enterprise,2025-06-20
CUST01225,Mullen-Cooper,Technology,Colombia,Mid-Market,2024-04-02
CUST01226,Coleman-Barnes,Manufacturing,Sao Tome and Principe,SMB,2024-12-24
CUST01227,Diaz-Morales,Technology,Korea,SMB,2023-02-17
CUST01228,Duncan PLC,Retail,Poland,Mid-Market,2023-06-25
CUST01229,Olsen Ltd,Technology,Faroe Islands,SMB,2024-02-17
CUST01230,Peters Group,Healthcare,Congo,Mid-Market,2023-03-18
CUST01231,Marsh Ltd,Retail,Canada,Mid-Market,2024-06-19
CUST01232,Shaffer-Thompson,Retail,Luxembourg,SMB,2023-11-03
CUST01233,Cowan Ltd,Manufacturing,Maldives,Mid-Market,2024-11-18
CUST01234,"Le, Floyd and Evans",Education,Monaco,SMB,2023-10-02
CUST01235,"Williams, Garcia and Martin",Technology,Cuba,SMB,2023-04-26
CUST01236,Woods-Soto,Finance,Korea,SMB,2023-03-04
CUST01237,"Cook, Ward and Castro",Manufacturing,Venezuela,SMB,2023-01-14
CUST01238,Cooper-Jenkins,Retail,Guernsey,Mid-Market,2025-02-18
CUST01239,"Mccarty, Gonzalez and Johnston",Manufacturing,Pakistan,Mid-Market,2023-02-01
CUST01240,"Thompson, Deleon and Kelly",Manufacturing,Peru,SMB,2024-09-15
CUST01241,"Freeman, Doyle and Preston",Finance,Hong Kong,Enterprise,2024-05-25
CUST01242,"Mitchell, Welch and Thomas",Finance,Chad,SMB,2025-04-30
CUST01243,"Morton, Rogers and Welch",Manufacturing,Montserrat,Mid-Market,2024-09-02
CUST01244,Sweeney-Jones,Manufacturing,Central African Republic,SMB,2025-01-19
CUST01245,Perez-Stewart,Education,French Guiana,Mid-Market,2025-05-11
CUST01246,"Adams, Newman and Nelson",Retail,Kenya,SMB,2024-05-29
CUST01247,Adkins-Meyer,Technology,Korea,Mid-Market,2023-02-23
CUST01248,Jackson-Dickerson,Healthcare,Brunei Darussalam,Enterprise,2023-08-11
CUST01249,"Young, King and Manning",Finance,San Marino,SMB,2025-04-27
CUST01250,Clark Group,Finance,Bosnia and Herzegovina,Mid-Market,2023-11-10
CUST01251,Brown Group,Technology,Mexico,Mid-Market,2023-11-14
CUST01252,Johnson Group,Retail,Malta,SMB,2024-06-29
CUST01253,Garcia PLC,Technology,Cape Verde,SMB,2023-10-11
CUST01254,Pena Group,Technology,Georgia,Mid-Market,2023-05-27
CUST01255,Wright LLC,Retail,Kenya,Enterprise,2024-06-25
CUST01256,"Martinez, Rose and Jackson",Retail,Antigua and Barbuda,SMB,2024-05-29
CUST01257,"Kelly, Herman and Lin",Manufacturing,Lao People's Democratic Republic,Mid-Market,2025-01-25
CUST01258,"Donovan, Dunn and Taylor",Education,Yemen,Mid-Market,2024-01-15
CUST01259,"Ryan, Garza and Bryant",Retail,San Marino,Mid-Market,2025-02-01
CUST01260,"Wiley, Graham and Bowman",Finance,Martinique,Enterprise,2025-05-28
CUST01261,Stout-Olson,Retail,Denmark,SMB,2025-06-05
CUST01262,Ramos LLC,Retail,Isle of Man,SMB,2024-08-10
CUST01263,Moore-Smith,Education,Mali,SMB,2024-06-27
CUST01264,Cooper Group,Manufacturing,Martinique,Mid-Market,2024-03-16
CUST01265,Watts Group,Technology,Yemen,SMB,2024-04-27
CUST01266,Evans-Cannon,Manufacturing,South Georgia and the South Sandwich Islands,SMB,2024-09-30
CUST01267,Harper-Robles,Finance,Mexico,SMB,2024-07-13
CUST01268,Lopez-Khan,Education,Jordan,SMB,2024-08-29
CUST01269,Wright-Espinoza,Manufacturing,Oman,Mid-Market,2024-05-22
CUST01270,Clayton-Walker,Technology,Belgium,SMB,2023-06-27
CUST01271,Garrett-Black,Healthcare,South Georgia and the South Sandwich Islands,SMB,2025-01-08
CUST01272,"Aguirre, Cohen and Mitchell",Healthcare,Samoa,Mid-Market,2024-04-26
CUST01273,"Lamb, Gutierrez and Castaneda",Technology,Cocos (Keeling) Islands,Mid-Market,2023-09-15
CUST01274,Roberts Ltd,Healthcare,Korea,SMB,2024-07-12
CUST01275,"Chavez, Graves and Vasquez",Technology,Gibraltar,Enterprise,2025-05-17
CUST01276,Hernandez PLC,Finance,Angola,SMB,2024-10-30
CUST01277,Compton LLC,Retail,Ethiopia,SMB,2024-01-16
CUST01278,Espinoza Ltd,Healthcare,Algeria,SMB,2024-05-09
CUST01279,Davis Inc,Finance,Lithuania,SMB,2025-01-17
CUST01280,Peterson LLC,Manufacturing,Solomon Islands,SMB,2025-03-23
CUST01281,Bolton-Ford,Finance,Somalia,Mid-Market,2023-04-21
CUST01282,Rivera and Sons,Education,Azerbaijan,Mid-Market,2024-08-31
CUST01283,Rowe-Jones,Retail,Latvia,SMB,2024-05-21
CUST01284,Lee LLC,Retail,Svalbard & Jan Mayen Islands,SMB,2024-04-17
CUST01285,Clayton-Martinez,Education,Seychelles,SMB,2025-03-03
CUST01286,"Wright, Wise and Ramos",Healthcare,Saint Pierre and Miquelon,SMB,2023-03-12
CUST01287,Gonzalez Ltd,Education,Sierra Leone,Mid-Market,2023-10-06
CUST01288,Boyd and Sons,Retail,Lebanon,Mid-Market,2024-11-21
CUST01289,Maldonado-Collins,Finance,Gibraltar,Enterprise,2024-11-24
CUST01290,Soto Inc,Education,Samoa,Mid-Market,2025-05-11
CUST01291,"Meyer, King and Little",Education,Congo,Mid-Market,2024-12-20
CUST01292,Clay-Boyer,Technology,Cuba,Enterprise,2023-08-08
CUST01293,Young Group,Healthcare,Greece,Mid-Market,2025-01-17
CUST01294,Jackson LLC,Education,Myanmar,SMB,2024-05-31
CUST01295,Foster and Sons,Retail,Algeria,SMB,2025-06-18
CUST01296,Perkins Ltd,Education,Lebanon,Mid-Market,2023-09-12
CUST01297,"Carlson, Watson and Davis",Retail,Cayman Islands,Mid-Market,2024-06-12
CUST01298,Davis-Montgomery,Healthcare,Venezuela,Mid-Market,2024-01-29
CUST01299,"Brown, Kelly and Moore",Retail,Mauritania,SMB,2024-03-11
CUST01300,Martinez and Sons,Manufacturing,Ghana,Enterprise,2024-09-03
CUST01301,"Kramer, Sherman and Trujillo",Technology,Kazakhstan,SMB,2024-09-10
CUST01302,"Lee, Norris and Howard",Finance,Burkina Faso,Mid-Market,2024-10-13
CUST01303,Roach-Washington,Education,Kazakhstan,Mid-Market,2023-10-18
CUST01304,"Phillips, Terry and Lopez",Retail,Colombia,SMB,2024-02-05
CUST01305,"Bailey, Oconnor and Hill",Healthcare,Switzerland,SMB,2023-03-31
CUST01306,"Rocha, Spencer and Jones",Healthcare,Cape Verde,SMB,2024-02-12
CUST01307,Phillips-Baker,Retail,Haiti,SMB,2023-05-11
CUST01308,Smith-Little,Manufacturing,Hong Kong,Mid-Market,2023-09-28
CUST01309,"Lopez, Smith and Vincent",Manufacturing,Singapore,SMB,2024-09-28
CUST01310,"Allen, Le and Barrett",Manufacturing,Mauritania,Enterprise,2024-07-01
CUST01311,Lee-Vega,Retail,Seychelles,SMB,2025-03-12
CUST01312,"Moore, Campbell and Ortiz",Finance,Gibraltar,Mid-Market,2024-03-28
CUST01313,Davis Ltd,Healthcare,Bangladesh,SMB,2023-11-07
CUST01314,Conley and Sons,Healthcare,Christmas Island,Mid-Market,2025-01-13
CUST01315,Harris Group,Technology,Congo,SMB,2024-09-11
CUST01316,Johnson Ltd,Retail,Taiwan,SMB,2024-02-14
CUST01317,Barrett-Fox,Technology,Reunion,SMB,2024-11-15
CUST01318,"Scott, Diaz and Obrien",Finance,Barbados,SMB,2025-03-31
CUST01319,Conrad and Sons,Retail,Palau,SMB,2025-05-17
CUST01320,Hebert-Collier,Retail,Lao People's Democratic Republic,SMB,2025-06-18
CUST01321,"Brown, Grant and Hurley",Manufacturing,Israel,SMB,2025-04-01
CUST01322,Bauer-Brown,Healthcare,Nicaragua,Mid-Market,2024-06-24
CUST01323,Rice-Navarro,Retail,Syrian Arab Republic,Mid-Market,2023-02-20
CUST01324,Miller-Lewis,Manufacturing,Maldives,Mid-Market,2024-06-03
CUST01325,Garcia and Sons,Retail,Martinique,Mid-Market,2024-06-25
CUST01326,Lopez-Fox,Retail,Egypt,Enterprise,2023-08-21
CUST01327,"Garrett, White and Curry",Finance,Israel,Mid-Market,2023-10-21
CUST01328,"Garcia, Fowler and Howard",Healthcare,Kuwait,Mid-Market,2023-06-23
CUST01329,"Ortega, Andrade and Jackson",Finance,Cocos (Keeling) Islands,Mid-Market,2023-04-02
CUST01330,"Morales, Morgan and Moore",Manufacturing,Netherlands Antilles,SMB,2023-01-10
CUST01331,Mahoney-Orr,Retail,Mexico,Mid-Market,2025-01-26
CUST01332,Kirk-Gutierrez,Education,North Macedonia,Mid-Market,2024-05-02
CUST01333,Mckenzie-Morris,Education,Dominican Republic,Enterprise,2023-01-18
CUST01334,"Gardner, Brooks and Pierce",Healthcare,Samoa,SMB,2024-09-04
CUST01335,Ward-Chavez,Technology,Indonesia,SMB,2023-03-08
CUST01336,Barber LLC,Manufacturing,Nepal,Mid-Market,2025-05-10
CUST01337,Holmes LLC,Education,Albania,SMB,2023-02-21
CUST01338,Joyce-Lewis,Retail,Germany,SMB,2024-05-01
CUST01339,Ingram Ltd,Manufacturing,Swaziland,SMB,2025-03-07
CUST01340,Ellison-Dixon,Finance,Montserrat,SMB,2024-04-30
CUST01341,"Moore, Johnson and Kelly",Finance,Burundi,Enterprise,2024-04-30
CUST01342,Richardson-Perkins,Healthcare,Djibouti,SMB,2023-07-04
CUST01343,Shepherd-Davis,Retail,Iran,SMB,2024-02-18
CUST01344,"Hardin, Navarro and Cummings",Technology,Somalia,Enterprise,2023-07-03
CUST01345,Thompson-Petersen,Retail,Portugal,Mid-Market,2025-06-30
CUST01346,"Johnston, Velez and Larson",Education,French Southern Territories,SMB,2023-03-04
CUST01347,Cross PLC,Education,Hong Kong,Mid-Market,2025-04-07
CUST01348,Deleon LLC,Education,Guernsey,Enterprise,2023-01-06
CUST01349,Butler-Parrish,Education,Trinidad and Tobago,SMB,2025-03-01
CUST01350,Adkins PLC,Finance,Vanuatu,Mid-Market,2024-08-25
CUST01351,Walters Ltd,Retail,Hong Kong,Enterprise,2025-01-10
CUST01352,Torres Inc,Retail,Ghana,SMB,2023-06-23
CUST01353,"Cunningham, Murphy and Wolfe",Retail,Cape Verde,Mid-Market,2024-01-19
CUST01354,Nunez Group,Technology,Kiribati,SMB,2023-06-16
CUST01355,"Johnston, Davis and Reynolds",Manufacturing,Solomon Islands,Mid-Market,2024-07-04
CUST01356,Hernandez-Rogers,Healthcare,Lebanon,Enterprise,2024-09-07
CUST01357,"Mcgee, Kelley and Baker",Education,Iran,SMB,2025-06-06
CUST01358,"Hamilton, Wolfe and Gill",Retail,Liberia,SMB,2025-03-26
CUST01359,"Gonzalez, Foster and Duncan",Finance,Monaco,Enterprise,2025-01-09
CUST01360,"Shea, Warren and Allen",Technology,Ethiopia,Enterprise,2024-01-28
CUST01361,Morris-Glass,Retail,Benin,SMB,2023-11-22
CUST01362,Powers Group,Retail,Haiti,Mid-Market,2025-03-28
CUST01363,Lee-Cooper,Technology,Palau,SMB,2024-05-09
CUST01364,Carrillo and Sons,Technology,Guernsey,Enterprise,2024-03-19
CUST01365,"Underwood, Lang and Hanson",Healthcare,Kazakhstan,SMB,2024-11-05
CUST01366,Glass and Sons,Technology,Cook Islands,SMB,2023-06-26
CUST01367,"Brooks, Todd and Farrell",Technology,Bouvet Island (Bouvetoya),Enterprise,2025-03-22
CUST01368,"Brown, Rush and Mcintosh",Manufacturing,Trinidad and Tobago,SMB,2024-09-12
CUST01369,Smith-Benson,Retail,Bouvet Island (Bouvetoya),SMB,2023-07-18
CUST01370,Cole-Johnson,Technology,Cote d'Ivoire,SMB,2023-08-26
CUST01371,"Medina, Harris and Mills",Education,Eritrea,SMB,2023-02-17
CUST01372,"Webb, Blair and Thomas",Education,Qatar,SMB,2024-02-14
CUST01373,"Smith, Aguilar and Alvarado",Finance,Aruba,Mid-Market,2024-02-05
CUST01374,Jackson-Campbell,Education,Somalia,SMB,2024-08-09
CUST01375,"Williamson, Brown and Pena",Retail,Algeria,SMB,2025-04-25
CUST01376,Price LLC,Finance,Panama,Enterprise,2023-04-28
CUST01377,"Ward, Rodriguez and Carter",Technology,Turks and Caicos Islands,SMB,2025-04-08
CUST01378,"Hughes, Whitney and Romero",Manufacturing,Russian Federation,Mid-Market,2024-05-21
CUST01379,Mckee Group,Retail,Tonga,SMB,2024-02-03
CUST01380,"Schmidt, Lopez and Mason",Retail,Kuwait,SMB,2025-01-21
CUST01381,"House, Smith and Wright",Finance,Marshall Islands,SMB,2025-01-29
CUST01382,Cook-Long,Education,Cayman Islands,SMB,2025-03-10
CUST01383,Reed LLC,Technology,Guinea,SMB,2024-10-12
CUST01384,"Turner, Ferrell and Irwin",Education,Falkland Islands (Malvinas),Mid-Market,2023-09-20
CUST01385,Garrett Group,Finance,Tuvalu,Mid-Market,2024-04-10
CUST01386,Raymond LLC,Technology,Czech Republic,SMB,2024-12-23
CUST01387,Peterson Group,Education,Palestinian Territory,Mid-Market,2024-05-09
CUST01388,Miller Group,Healthcare,Mali,Mid-Market,2024-06-08
CUST01389,"Salazar, Garrett and Perez",Manufacturing,Dominican Republic,SMB,2025-05-18
CUST01390,"Hernandez, Waller and Browning",Retail,Greenland,SMB,2025-05-14
CUST01391,Daniels-Clark,Manufacturing,Burundi,Enterprise,2023-03-02
CUST01392,"Weaver, Mcbride and Huffman",Technology,Georgia,Mid-Market,2024-08-17
CUST01393,"Thornton, Mills and Taylor",Retail,United States of America,SMB,2025-04-03
CUST01394,Douglas PLC,Healthcare,United States Virgin Islands,SMB,2023-11-12
CUST01395,Stewart PLC,Healthcare,Martinique,SMB,2025-01-05
CUST01396,"Wilson, Stewart and Hobbs",Technology,Saint Lucia,SMB,2024-10-17
CUST01397,Cannon Group,Technology,Isle of Man,SMB,2024-01-25
CUST01398,Ramos-Peck,Finance,Uganda,SMB,2023-09-22
CUST01399,"Mahoney, Hill and Maxwell",Manufacturing,Botswana,Mid-Market,2024-10-11
CUST01400,Lopez PLC,Healthcare,Nicaragua,Mid-Market,2023-09-16
CUST01401,Obrien-Salazar,Education,Nepal,Enterprise,2023-04-28
CUST01402,Hall Inc,Technology,Guinea-Bissau,Mid-Market,2023-05-31
CUST01403,Watts Group,Education,Burkina Faso,Mid-Market,2024-08-29
CUST01404,"Mathis, Harrison and Banks",Healthcare,Colombia,SMB,2024-10-12
CUST01405,Henry-Taylor,Manufacturing,Congo,Mid-Market,2023-03-25
CUST01406,Johnson Inc,Retail,Uzbekistan,Mid-Market,2024-08-06
CUST01407,Clements-Walker,Manufacturing,Paraguay,SMB,2025-02-11
CUST01408,Todd Inc,Education,Christmas Island,SMB,2023-09-19
CUST01409,Camacho-Burns,Technology,Greece,Mid-Market,2023-09-06
CUST01410,Clay-Patterson,Healthcare,Singapore,Enterprise,2025-04-16
CUST01411,Franklin Group,Education,Saint Helena,SMB,2023-09-20
CUST01412,Long-Crosby,Finance,Montserrat,Enterprise,2024-09-17
CUST01413,"Herrera, Davidson and Padilla",Retail,Argentina,SMB,2024-09-09
CUST01414,"Rodriguez, Bryant and Rich",Manufacturing,Turkey,SMB,2023-01-05
CUST01415,Stone Group,Manufacturing,Saint Pierre and Miquelon,SMB,2023-05-19
CUST01416,Grant PLC,Education,Serbia,Mid-Market,2023-07-07
CUST01417,"Estes, Lee and Gonzales",Education,Turks and Caicos Islands,SMB,2024-04-30
CUST01418,Ayala-Mitchell,Healthcare,Chad,SMB,2023-11-11
CUST01419,Phillips-Ellison,Finance,Portugal,Mid-Market,2024-05-16
CUST01420,"Mckee, Ford and Lucas",Healthcare,Bermuda,SMB,2023-07-18
CUST01421,"Mason, White and Richards",Retail,Uganda,Enterprise,2025-03-04
CUST01422,"Payne, Long and Morris",Retail,Anguilla,SMB,2025-03-07
CUST01423,Chavez Ltd,Healthcare,Ukraine,Mid-Market,2024-01-01
CUST01424,Khan Inc,Manufacturing,El Salvador,Mid-Market,2025-03-30
CUST01425,Holt-Meadows,Healthcare,South Africa,SMB,2025-04-20
CUST01426,Higgins Inc,Finance,Bermuda,Enterprise,2025-01-04
CUST01427,Mccarthy Ltd,Healthcare,Guyana,Mid-Market,2023-06-03
CUST01428,Mills Group,Education,Saint Lucia,Mid-Market,2024-02-06
CUST01429,"Salazar, Moore and Pierce",Manufacturing,Aruba,SMB,2025-02-19
CUST01430,Barr PLC,Manufacturing,Tunisia,Mid-Market,2023-06-22
CUST01431,"Huffman, Martin and Thomas",Manufacturing,Seychelles,SMB,2023-05-31
CUST01432,"Williams, Parker and Cross",Retail,Kiribati,SMB,2024-01-08
CUST01433,Sims-Wilson,Manufacturing,Bulgaria,Mid-Market,2024-02-04
CUST01434,Smith LLC,Retail,American Samoa,SMB,2023-05-22
CUST01435,Jimenez-Jimenez,Healthcare,Sri Lanka,Mid-Market,2024-02-10
CUST01436,Franklin Group,Healthcare,Dominica,Mid-Market,2023-01-12
CUST01437,Chapman Group,Education,Korea,SMB,2025-01-03
CUST01438,Ramos-Burke,Retail,Albania,Mid-Market,2025-04-10
CUST01439,Khan LLC,Technology,Niger,SMB,2024-09-11
CUST01440,"Grant, Bryan and Williams",Technology,Cameroon,Mid-Market,2024-07-24
CUST01441,Delgado Inc,Finance,Cameroon,SMB,2024-01-15
CUST01442,Estrada PLC,Education,French Southern Territories,Enterprise,2023-01-11
CUST01443,Knapp-Williams,Manufacturing,Israel,SMB,2025-02-02
CUST01444,Martin LLC,Manufacturing,New Zealand,Enterprise,2024-04-16
CUST01445,"Holt, Larson and Cobb",Technology,Christmas Island,Mid-Market,2024-05-21
CUST01446,Curry-Ward,Education,Argentina,SMB,2023-04-13
CUST01447,Mack LLC,Finance,Heard Island and McDonald Islands,SMB,2024-09-28
CUST01448,Wilkins-Chang,Healthcare,Tajikistan,SMB,2023-08-22
CUST01449,"Brown, Ruiz and Martinez",Finance,Tokelau,Mid-Market,2024-11-19
CUST01450,Murphy-Gutierrez,Retail,Cote d'Ivoire,Enterprise,2023-03-13
CUST01451,"Clark, Brown and Duncan",Finance,Norfolk Island,Mid-Market,2023-06-23
CUST01452,"Benitez, Webb and Barker",Education,Vietnam,Mid-Market,2024-05-22
CUST01453,"Mitchell, Lynch and Stewart",Technology,Malta,SMB,2023-01-15
CUST01454,"Carney, Gomez and Anderson",Finance,Mongolia,Mid-Market,2024-09-27
CUST01455,Stone-Welch,Healthcare,Lithuania,SMB,2024-08-27
CUST01456,Stephenson and Sons,Manufacturing,Russian Federation,SMB,2023-08-22
CUST01457,Krause-Smith,Education,Anguilla,SMB,2023-05-12
CUST01458,Garrett-Wilson,Technology,Thailand,Mid-Market,2024-11-04
CUST01459,Marsh Group,Finance,Isle of Man,Mid-Market,2024-12-15
CUST01460,Cook PLC,Manufacturing,Sri Lanka,Mid-Market,2024-02-05
CUST01461,"Lewis, Davidson and Vaughn",Finance,Equatorial Guinea,SMB,2024-02-15
CUST01462,Parker PLC,Education,Mexico,SMB,2023-02-23
CUST01463,Wang-Wilson,Healthcare,Grenada,SMB,2023-03-15
CUST01464,Foster-Carroll,Education,Antarctica (the territory South of 60 deg S),SMB,2023-07-26
CUST01465,Lee LLC,Retail,Uzbekistan,SMB,2025-03-05
CUST01466,"Mendoza, Wells and Johnson",Finance,Burkina Faso,Enterprise,2024-02-23
CUST01467,Moore-Murray,Technology,Tonga,Mid-Market,2024-10-15
CUST01468,"Huang, Ford and Olsen",Healthcare,Vanuatu,SMB,2024-06-23
CUST01469,"Brown, Meyer and Cunningham",Finance,Philippines,Mid-Market,2023-11-26
CUST01470,Peters-Smith,Retail,Morocco,SMB,2025-01-04
CUST01471,"Rivera, Hendricks and Flynn",Retail,Bahrain,SMB,2023-05-24
CUST01472,Ramirez Inc,Healthcare,Guadeloupe,SMB,2023-10-11
CUST01473,Sims-Kirby,Finance,Montserrat,SMB,2024-10-20
CUST01474,"Price, Larson and Hancock",Manufacturing,Sao Tome and Principe,Mid-Market,2024-01-29
CUST01475,Thornton-Edwards,Education,Antigua and Barbuda,Mid-Market,2023-08-30
CUST01476,Gutierrez-Crawford,Manufacturing,Dominica,Mid-Market,2023-08-22
CUST01477,Hayes-Sampson,Technology,Cuba,SMB,2024-12-02
CUST01478,"Turner, Rodriguez and Glover",Technology,Slovakia (Slovak Republic),Mid-Market,2024-09-15
CUST01479,Gentry Group,Retail,Madagascar,SMB,2023-06-04
CUST01480,Lloyd PLC,Healthcare,Cape Verde,Mid-Market,2023-05-02
CUST01481,Peterson Group,Manufacturing,Saint Martin,Mid-Market,2024-05-13
CUST01482,"Collins, Murphy and Hammond",Finance,Bolivia,SMB,2025-05-14
CUST01483,"Rhodes, Anderson and Hardy",Manufacturing,Kuwait,Mid-Market,2023-04-06
CUST01484,Reeves-Boyd,Education,Albania,Mid-Market,2025-01-31
CUST01485,Randolph-Mcdaniel,Education,Nepal,SMB,2024-10-04
CUST01486,Cook Inc,Education,Bosnia and Herzegovina,Enterprise,2023-03-09
CUST01487,"Miranda, Reese and Johnson",Technology,Senegal,SMB,2024-01-17
CUST01488,Fowler-Clark,Education,Cook Islands,Enterprise,2023-10-02
CUST01489,Mitchell PLC,Manufacturing,Ghana,Enterprise,2023-01-14
CUST01490,Lambert-Nelson,Manufacturing,Cayman Islands,Enterprise,2024-10-11
CUST01491,Wilson-Mullen,Retail,Monaco,SMB,2025-02-03
CUST01492,"Garcia, Daniels and Dunn",Retail,Faroe Islands,Enterprise,2023-11-17
CUST01493,Harding LLC,Retail,Montserrat,SMB,2023-12-02
CUST01494,Jackson LLC,Education,New Zealand,Mid-Market,2023-06-18
CUST01495,Fernandez-Williams,Retail,Antarctica (the territory South of 60 deg S),SMB,2025-06-20
CUST01496,Berger-Williams,Finance,Hungary,Enterprise,2024-07-14
CUST01497,Miller Group,Healthcare,Christmas Island,SMB,2023-08-23
CUST01498,"Carlson, Watkins and Huff",Healthcare,Reunion,SMB,2024-03-27
CUST01499,Jensen-Edwards,Education,Svalbard & Jan Mayen Islands,SMB,2024-05-29
CUST01500,Marquez Ltd,Manufacturing,Sudan,SMB,2023-09-14
