event_id,customer_id,event_date,event_type,plan,mrr_amount
1,CUST00001,2024-10-16,signup,Pro,99
2,CUST00001,2025-04-14,cancel,Pro,0
3,CUST00002,2023-08-12,signup,Pro,99
4,CUST00002,2024-02-08,cancel,Pro,0
5,CUST00003,2025-04-05,signup,Basic,29
6,CUST00004,2023-04-05,signup,Basic,29
7,CUST00004,2024-03-30,cancel,Basic,0
8,CUST00005,2025-06-06,signup,Basic,29
9,CUST00006,2023-06-16,signup,Basic,29
10,CUST00006,2024-08-09,cancel,Basic,0
11,CUST00007,2023-11-20,signup,Pro,99
12,CUST00007,2025-05-13,upgrade,Enterprise,499
13,CUST00008,2024-10-04,signup,Pro,99
14,CUST00008,2025-04-02,cancel,Pro,0
15,CUST00009,2025-01-08,signup,Enterprise,499
16,CUST00009,2025-05-08,cancel,Enterprise,0
17,CUST00010,2025-01-09,signup,Basic,29
18,CUST00011,2023-07-23,signup,Pro,99
19,CUST00012,2025-02-12,signup,Basic,29
20,CUST00013,2023-08-19,signup,Basic,29
21,CUST00013,2023-10-18,upgrade,Pro,99
22,CUST00014,2024-11-20,signup,Basic,29
23,CUST00015,2023-09-13,signup,Pro,99
24,CUST00015,2024-01-11,cancel,Pro,0
25,CUST00016,2025-05-19,signup,Basic,29
26,CUST00017,2023-06-18,signup,Enterprise,499
27,CUST00018,2024-08-06,signup,Pro,99
28,CUST00019,2023-01-10,signup,Enterprise,499
29,CUST00020,2023-02-22,signup,Basic,29
30,CUST00020,2024-02-17,cancel,Basic,0
31,CUST00021,2024-01-14,signup,Basic,29
32,CUST00021,2024-05-13,cancel,Basic,0
33,CUST00022,2024-01-02,signup,Basic,29
34,CUST00022,2024-10-28,cancel,Basic,0
35,CUST00023,2025-01-24,signup,Pro,99
36,CUST00024,2025-06-12,signup,Basic,29
37,CUST00025,2023-12-25,signup,Pro,99
38,CUST00025,2024-11-19,cancel,Pro,0
39,CUST00026,2023-09-29,signup,Pro,99
40,CUST00026,2024-03-27,upgrade,Enterprise,499
41,CUST00027,2024-11-13,signup,Basic,29
42,CUST00028,2025-05-03,signup,Basic,29
43,CUST00029,2023-11-26,signup,Basic,29
44,CUST00029,2025-01-19,cancel,Basic,0
45,CUST00030,2024-05-01,signup,Pro,99
46,CUST00031,2024-07-24,signup,Pro,99
47,CUST00032,2025-01-31,signup,Pro,99
48,CUST00033,2024-12-31,signup,Basic,29
49,CUST00034,2024-03-01,signup,Pro,99
50,CUST00034,2024-04-30,cancel,Pro,0
51,CUST00035,2025-06-20,signup,Basic,29
52,CUST00036,2023-11-02,signup,Enterprise,499
53,CUST00037,2025-06-06,signup,Basic,29
54,CUST00038,2024-04-10,signup,Pro,99
55,CUST00038,2024-07-09,cancel,Pro,0
56,CUST00039,2024-07-06,signup,Enterprise,499
57,CUST00040,2024-12-17,signup,Basic,29
58,CUST00041,2024-08-12,signup,Enterprise,499
59,CUST00042,2023-02-12,signup,Basic,29
60,CUST00042,2023-04-13,cancel,Basic,0
61,CUST00043,2023-04-19,signup,Pro,99
62,CUST00043,2024-12-09,cancel,Pro,0
63,CUST00044,2025-05-21,signup,Basic,29
64,CUST00045,2025-06-20,signup,Enterprise,499
65,CUST00046,2023-07-15,signup,Pro,99
66,CUST00047,2023-08-10,signup,Basic,29
67,CUST00047,2024-05-06,cancel,Basic,0
68,CUST00048,2023-02-25,signup,Basic,29
69,CUST00048,2023-04-26,cancel,Basic,0
70,CUST00049,2023-10-19,signup,Basic,29
71,CUST00049,2024-02-16,upgrade,Pro,99
72,CUST00049,2024-09-13,upgrade,Enterprise,499
73,CUST00050,2023-11-09,signup,Pro,99
74,CUST00050,2024-07-06,cancel,Pro,0
75,CUST00051,2024-04-06,signup,Basic,29
76,CUST00051,2025-06-30,upgrade,Pro,99
77,CUST00052,2024-09-01,signup,Pro,99
78,CUST00053,2023-01-27,signup,Enterprise,499
79,CUST00053,2025-02-15,downgrade,Pro,99
80,CUST00054,2025-06-04,signup,Enterprise,499
81,CUST00055,2024-04-18,signup,Basic,29
82,CUST00056,2023-04-06,signup,Basic,29
83,CUST00056,2024-06-29,upgrade,Pro,99
84,CUST00056,2024-12-26,cancel,Pro,0
85,CUST00057,2025-01-13,signup,Enterprise,499
86,CUST00058,2024-01-22,signup,Basic,29
87,CUST00059,2025-05-15,signup,Basic,29
88,CUST00060,2025-06-10,signup,Basic,29
89,CUST00061,2024-02-12,signup,Enterprise,499
90,CUST00061,2024-08-10,downgrade,Pro,99
91,CUST00061,2024-09-09,cancel,Pro,0
92,CUST00062,2024-10-08,signup,Basic,29
93,CUST00062,2025-06-05,cancel,Basic,0
94,CUST00063,2025-03-26,signup,Basic,29
95,CUST00064,2023-06-24,signup,Pro,99
96,CUST00064,2024-01-20,cancel,Pro,0
97,CUST00065,2025-04-03,signup,Basic,29
98,CUST00066,2024-08-24,signup,Enterprise,499
99,CUST00067,2024-11-05,signup,Pro,99
100,CUST00068,2025-04-01,signup,Pro,99
101,CUST00069,2023-05-21,signup,Enterprise,499
102,CUST00070,2024-01-10,signup,Basic,29
103,CUST00070,2024-10-06,cancel,Basic,0
104,CUST00071,2023-08-15,signup,Pro,99
105,CUST00071,2025-06-05,cancel,Pro,0
106,CUST00072,2024-01-15,signup,Basic,29
107,CUST00072,2024-09-11,upgrade,Pro,99
108,CUST00072,2025-03-10,cancel,Pro,0
109,CUST00073,2025-03-16,signup,Enterprise,499
110,CUST00074,2023-08-27,signup,Pro,99
111,CUST00074,2024-08-21,cancel,Pro,0
112,CUST00075,2023-09-29,signup,Pro,99
113,CUST00075,2023-10-29,downgrade,Basic,29
114,CUST00075,2024-10-23,cancel,Basic,0
115,CUST00076,2024-03-12,signup,Pro,99
116,CUST00077,2025-06-17,signup,Pro,99
117,CUST00078,2025-06-28,signup,Basic,29
118,CUST00079,2025-01-17,signup,Basic,29
119,CUST00080,2024-03-18,signup,Enterprise,499
120,CUST00081,2024-05-08,signup,Pro,99
121,CUST00081,2025-06-02,cancel,Pro,0
122,CUST00082,2023-10-07,signup,Basic,29
123,CUST00082,2024-02-04,upgrade,Pro,99
124,CUST00082,2025-04-29,upgrade,Enterprise,499
125,CUST00083,2024-03-10,signup,Basic,29
126,CUST00083,2024-10-06,cancel,Basic,0
127,CUST00084,2023-02-26,signup,Basic,29
128,CUST00084,2024-06-20,upgrade,Pro,99
129,CUST00085,2023-09-07,signup,Basic,29
130,CUST00085,2024-01-05,upgrade,Pro,99
131,CUST00086,2024-08-16,signup,Enterprise,499
132,CUST00087,2023-03-17,signup,Basic,29
133,CUST00087,2023-04-16,upgrade,Pro,99
134,CUST00087,2024-07-09,downgrade,Basic,29
135,CUST00088,2024-01-17,signup,Pro,99
136,CUST00089,2024-02-06,signup,Basic,29
137,CUST00090,2023-05-21,signup,Pro,99
138,CUST00090,2023-09-18,upgrade,Enterprise,499
139,CUST00091,2025-05-05,signup,Pro,99
140,CUST00092,2024-05-29,signup,Enterprise,499
141,CUST00093,2024-03-23,signup,Enterprise,499
142,CUST00093,2025-04-17,downgrade,Pro,99
143,CUST00094,2025-05-01,signup,Pro,99
144,CUST00094,2025-06-30,cancel,Pro,0
145,CUST00095,2024-09-15,signup,Basic,29
146,CUST00095,2024-10-15,upgrade,Pro,99
147,CUST00095,2025-02-12,downgrade,Basic,29
148,CUST00096,2024-08-11,signup,Basic,29
149,CUST00097,2023-01-21,signup,Basic,29
150,CUST00097,2023-03-22,cancel,Basic,0
151,CUST00098,2025-03-18,signup,Basic,29
152,CUST00099,2023-02-15,signup,Basic,29
153,CUST00099,2023-07-15,upgrade,Pro,99
154,CUST00099,2023-11-12,upgrade,Enterprise,499
155,CUST00099,2024-01-11,downgrade,Pro,99
156,CUST00100,2024-05-24,signup,Pro,99
157,CUST00101,2023-02-13,signup,Enterprise,499
158,CUST00102,2023-04-27,signup,Basic,29
159,CUST00102,2024-02-21,upgrade,Pro,99
160,CUST00103,2023-08-18,signup,Basic,29
161,CUST00103,2023-09-17,cancel,Basic,0
162,CUST00104,2024-07-18,signup,Pro,99
163,CUST00105,2023-05-13,signup,Pro,99
164,CUST00105,2025-05-02,upgrade,Enterprise,499
165,CUST00106,2023-03-25,signup,Pro,99
166,CUST00106,2023-07-23,cancel,Pro,0
167,CUST00107,2025-06-29,signup,Pro,99
168,CUST00108,2023-09-08,signup,Pro,99
169,CUST00108,2025-03-31,upgrade,Enterprise,499
170,CUST00109,2025-04-13,signup,Pro,99
171,CUST00110,2024-05-24,signup,Enterprise,499
172,CUST00111,2024-01-10,signup,Basic,29
173,CUST00111,2024-03-10,upgrade,Pro,99
174,CUST00112,2023-02-16,signup,Enterprise,499
175,CUST00113,2025-01-08,signup,Basic,29
176,CUST00113,2025-06-07,cancel,Basic,0
177,CUST00114,2024-12-18,signup,Basic,29
178,CUST00115,2025-01-14,signup,Basic,29
179,CUST00116,2024-06-29,signup,Pro,99
180,CUST00117,2024-05-15,signup,Pro,99
181,CUST00118,2023-09-20,signup,Pro,99
182,CUST00118,2024-07-16,upgrade,Enterprise,499
183,CUST00118,2024-12-13,cancel,Enterprise,0
184,CUST00119,2023-06-11,signup,Enterprise,499
185,CUST00119,2024-05-06,downgrade,Pro,99
186,CUST00119,2024-10-03,cancel,Pro,0
187,CUST00120,2025-05-06,signup,Pro,99
188,CUST00121,2023-01-10,signup,Enterprise,499
189,CUST00122,2025-02-10,signup,Basic,29
190,CUST00122,2025-03-12,cancel,Basic,0
191,CUST00123,2024-10-31,signup,Basic,29
192,CUST00124,2023-10-30,signup,Pro,99
193,CUST00124,2025-04-22,downgrade,Basic,29
194,CUST00125,2024-08-09,signup,Pro,99
195,CUST00125,2025-06-05,downgrade,Basic,29
196,CUST00126,2024-04-18,signup,Basic,29
197,CUST00126,2024-08-16,cancel,Basic,0
198,CUST00127,2024-04-28,signup,Pro,99
199,CUST00128,2024-07-04,signup,Pro,99
200,CUST00129,2024-03-05,signup,Enterprise,499
201,CUST00130,2023-11-23,signup,Enterprise,499
202,CUST00131,2024-01-21,signup,Basic,29
203,CUST00131,2024-09-17,upgrade,Pro,99
204,CUST00132,2024-11-20,signup,Basic,29
205,CUST00132,2025-06-18,cancel,Basic,0
206,CUST00133,2023-05-01,signup,Enterprise,499
207,CUST00134,2023-12-04,signup,Pro,99
208,CUST00134,2025-03-28,downgrade,Basic,29
209,CUST00134,2025-04-27,cancel,Basic,0
210,CUST00135,2025-05-17,signup,Basic,29
211,CUST00136,2025-05-12,signup,Basic,29
212,CUST00137,2024-01-18,signup,Enterprise,499
213,CUST00138,2023-09-16,signup,Basic,29
214,CUST00138,2024-07-12,cancel,Basic,0
215,CUST00139,2024-02-20,signup,Basic,29
216,CUST00140,2023-11-19,signup,Basic,29
217,CUST00140,2024-12-13,upgrade,Pro,99
218,CUST00141,2024-09-20,signup,Pro,99
219,CUST00142,2025-03-01,signup,Pro,99
220,CUST00143,2024-02-03,signup,Basic,29
221,CUST00143,2024-09-30,cancel,Basic,0
222,CUST00144,2023-04-02,signup,Basic,29
223,CUST00144,2023-06-01,cancel,Basic,0
224,CUST00145,2024-02-28,signup,Pro,99
225,CUST00145,2024-09-25,cancel,Pro,0
226,CUST00146,2024-03-21,signup,Pro,99
227,CUST00147,2024-08-31,signup,Pro,99
228,CUST00148,2025-03-15,signup,Basic,29
229,CUST00149,2023-01-28,signup,Pro,99
230,CUST00149,2024-09-19,cancel,Pro,0
231,CUST00150,2024-01-04,signup,Pro,99
232,CUST00151,2024-01-19,signup,Pro,99
233,CUST00152,2023-04-28,signup,Basic,29
234,CUST00152,2024-09-19,cancel,Basic,0
235,CUST00153,2023-08-08,signup,Enterprise,499
236,CUST00154,2023-04-30,signup,Pro,99
237,CUST00155,2025-03-25,signup,Basic,29
238,CUST00156,2025-03-02,signup,Basic,29
239,CUST00157,2025-02-13,signup,Pro,99
240,CUST00158,2023-02-03,signup,Pro,99
241,CUST00158,2025-05-23,downgrade,Basic,29
242,CUST00159,2024-11-02,signup,Enterprise,499
243,CUST00160,2023-03-19,signup,Pro,99
244,CUST00160,2025-06-06,upgrade,Enterprise,499
245,CUST00161,2024-04-15,signup,Pro,99
246,CUST00161,2024-05-15,cancel,Pro,0
247,CUST00162,2024-03-14,signup,Basic,29
248,CUST00162,2024-09-10,cancel,Basic,0
249,CUST00163,2023-06-19,signup,Pro,99
250,CUST00163,2024-03-15,cancel,Pro,0
251,CUST00164,2025-05-30,signup,Basic,29
252,CUST00165,2025-04-05,signup,Pro,99
253,CUST00166,2025-06-14,signup,Pro,99
254,CUST00167,2024-07-30,signup,Pro,99
255,CUST00168,2024-03-15,signup,Basic,29
256,CUST00168,2024-09-11,cancel,Basic,0
257,CUST00169,2025-05-17,signup,Basic,29
258,CUST00170,2024-02-06,signup,Pro,99
259,CUST00170,2025-06-30,cancel,Pro,0
260,CUST00171,2023-03-11,signup,Pro,99
261,CUST00171,2024-10-01,cancel,Pro,0
262,CUST00172,2024-12-16,signup,Enterprise,499
263,CUST00173,2025-01-28,signup,Basic,29
264,CUST00174,2023-06-20,signup,Enterprise,499
265,CUST00174,2025-03-11,downgrade,Pro,99
266,CUST00175,2024-01-28,signup,Pro,99
267,CUST00175,2024-10-24,upgrade,Enterprise,499
268,CUST00176,2023-12-02,signup,Basic,29
269,CUST00176,2024-11-26,cancel,Basic,0
270,CUST00177,2024-02-24,signup,Basic,29
271,CUST00177,2024-05-24,cancel,Basic,0
272,CUST00178,2024-11-04,signup,Pro,99
273,CUST00178,2025-03-04,downgrade,Basic,29
274,CUST00179,2024-06-16,signup,Enterprise,499
275,CUST00180,2023-12-01,signup,Basic,29
276,CUST00181,2023-06-01,signup,Basic,29
277,CUST00181,2023-07-01,cancel,Basic,0
278,CUST00182,2023-11-03,signup,Pro,99
279,CUST00182,2024-06-30,downgrade,Basic,29
280,CUST00182,2025-04-26,upgrade,Pro,99
281,CUST00183,2024-10-23,signup,Pro,99
282,CUST00183,2025-01-21,upgrade,Enterprise,499
283,CUST00184,2024-03-12,signup,Basic,29
284,CUST00185,2024-01-27,signup,Basic,29
285,CUST00185,2024-06-25,cancel,Basic,0
286,CUST00186,2024-09-03,signup,Enterprise,499
287,CUST00187,2025-01-24,signup,Enterprise,499
288,CUST00188,2025-04-05,signup,Basic,29
289,CUST00189,2024-07-31,signup,Enterprise,499
290,CUST00190,2023-03-02,signup,Enterprise,499
291,CUST00191,2023-02-03,signup,Pro,99
292,CUST00191,2024-09-25,cancel,Pro,0
293,CUST00192,2024-01-31,signup,Basic,29
294,CUST00192,2024-11-26,upgrade,Pro,99
295,CUST00193,2025-01-19,signup,Enterprise,499
296,CUST00194,2023-06-18,signup,Basic,29
297,CUST00194,2024-03-14,cancel,Basic,0
298,CUST00195,2024-08-08,signup,Basic,29
299,CUST00195,2025-02-04,cancel,Basic,0
300,CUST00196,2023-06-24,signup,Enterprise,499
301,CUST00197,2025-04-18,signup,Enterprise,499
302,CUST00198,2023-11-03,signup,Enterprise,499
303,CUST00199,2025-04-06,signup,Basic,29
304,CUST00200,2025-06-13,signup,Pro,99
305,CUST00201,2023-04-26,signup,Basic,29
306,CUST00201,2024-03-21,cancel,Basic,0
307,CUST00202,2023-10-10,signup,Pro,99
308,CUST00202,2023-11-09,upgrade,Enterprise,499
309,CUST00203,2024-03-02,signup,Basic,29
310,CUST00203,2025-02-25,cancel,Basic,0
311,CUST00204,2023-09-13,signup,Basic,29
312,CUST00204,2024-03-11,cancel,Basic,0
313,CUST00205,2024-01-17,signup,Pro,99
314,CUST00205,2025-06-10,cancel,Pro,0
315,CUST00206,2024-11-29,signup,Enterprise,499
316,CUST00207,2024-01-21,signup,Basic,29
317,CUST00207,2025-02-14,upgrade,Pro,99
318,CUST00208,2024-10-29,signup,Pro,99
319,CUST00209,2023-09-23,signup,Pro,99
320,CUST00210,2023-08-16,signup,Pro,99
321,CUST00210,2024-01-13,upgrade,Enterprise,499
322,CUST00211,2025-06-02,signup,Pro,99
323,CUST00212,2023-07-01,signup,Basic,29
324,CUST00212,2024-06-25,cancel,Basic,0
325,CUST00213,2023-01-15,signup,Pro,99
326,CUST00214,2023-06-23,signup,Pro,99
327,CUST00214,2023-10-21,upgrade,Enterprise,499
328,CUST00215,2025-01-06,signup,Pro,99
329,CUST00216,2024-12-21,signup,Basic,29
330,CUST00216,2025-04-20,cancel,Basic,0
331,CUST00217,2025-05-05,signup,Pro,99
332,CUST00218,2025-01-10,signup,Basic,29
333,CUST00218,2025-03-11,cancel,Basic,0
334,CUST00219,2025-04-12,signup,Basic,29
335,CUST00220,2025-06-30,signup,Enterprise,499
336,CUST00221,2023-12-03,signup,Basic,29
337,CUST00221,2025-01-26,cancel,Basic,0
338,CUST00222,2025-05-14,signup,Basic,29
339,CUST00223,2025-03-08,signup,Basic,29
340,CUST00224,2024-03-27,signup,Basic,29
341,CUST00225,2024-09-19,signup,Basic,29
342,CUST00225,2024-12-18,upgrade,Pro,99
343,CUST00225,2025-04-17,upgrade,Enterprise,499
344,CUST00226,2023-03-22,signup,Pro,99
345,CUST00226,2023-11-17,cancel,Pro,0
346,CUST00227,2024-09-25,signup,Enterprise,499
347,CUST00228,2024-11-03,signup,Basic,29
348,CUST00229,2024-05-19,signup,Pro,99
349,CUST00229,2025-03-15,upgrade,Enterprise,499
350,CUST00230,2024-04-06,signup,Pro,99
351,CUST00230,2024-05-06,cancel,Pro,0
352,CUST00231,2025-01-23,signup,Enterprise,499
353,CUST00232,2025-04-14,signup,Basic,29
354,CUST00233,2024-09-15,signup,Pro,99
355,CUST00234,2023-07-25,signup,Pro,99
356,CUST00234,2025-01-15,cancel,Pro,0
357,CUST00235,2023-04-20,signup,Basic,29
358,CUST00235,2023-10-17,upgrade,Pro,99
359,CUST00235,2025-02-08,upgrade,Enterprise,499
360,CUST00236,2024-07-19,signup,Pro,99
361,CUST00237,2024-11-30,signup,Enterprise,499
362,CUST00238,2023-02-10,signup,Basic,29
363,CUST00238,2023-12-07,upgrade,Pro,99
364,CUST00238,2025-03-01,cancel,Pro,0
365,CUST00239,2024-11-15,signup,Basic,29
366,CUST00239,2025-01-14,cancel,Basic,0
367,CUST00240,2025-06-25,signup,Enterprise,499
368,CUST00241,2023-09-20,signup,Pro,99
369,CUST00242,2024-03-21,signup,Enterprise,499
370,CUST00242,2024-06-19,downgrade,Pro,99
371,CUST00242,2024-10-17,upgrade,Enterprise,499
372,CUST00243,2023-01-07,signup,Pro,99
373,CUST00243,2023-02-06,upgrade,Enterprise,499
374,CUST00243,2025-02-25,cancel,Enterprise,0
375,CUST00244,2025-06-14,signup,Basic,29
376,CUST00245,2024-02-08,signup,Enterprise,499
377,CUST00246,2024-10-22,signup,Basic,29
378,CUST00246,2025-06-19,upgrade,Pro,99
379,CUST00247,2023-07-18,signup,Basic,29
380,CUST00248,2024-07-05,signup,Pro,99
381,CUST00248,2024-09-03,cancel,Pro,0
382,CUST00249,2024-06-03,signup,Pro,99
383,CUST00249,2024-08-02,upgrade,Enterprise,499
384,CUST00250,2023-04-03,signup,Basic,29
385,CUST00250,2024-02-27,cancel,Basic,0
386,CUST00251,2025-02-18,signup,Basic,29
387,CUST00252,2023-11-28,signup,Enterprise,499
388,CUST00253,2023-06-19,signup,Basic,29
389,CUST00253,2024-07-13,cancel,Basic,0
390,CUST00254,2023-02-14,signup,Basic,29
391,CUST00254,2023-03-16,cancel,Basic,0
392,CUST00255,2024-08-09,signup,Pro,99
393,CUST00255,2024-12-07,cancel,Pro,0
394,CUST00256,2025-01-06,signup,Enterprise,499
395,CUST00257,2024-09-07,signup,Pro,99
396,CUST00258,2024-05-31,signup,Pro,99
397,CUST00258,2024-08-29,upgrade,Enterprise,499
398,CUST00259,2024-06-18,signup,Enterprise,499
399,CUST00260,2025-05-29,signup,Pro,99
400,CUST00261,2023-01-08,signup,Basic,29
401,CUST00262,2025-03-15,signup,Pro,99
402,CUST00262,2025-04-14,upgrade,Enterprise,499
403,CUST00263,2025-04-03,signup,Pro,99
404,CUST00264,2024-01-15,signup,Basic,29
405,CUST00264,2025-02-08,cancel,Basic,0
406,CUST00265,2024-09-05,signup,Pro,99
407,CUST00265,2024-10-05,cancel,Pro,0
408,CUST00266,2023-09-02,signup,Pro,99
409,CUST00267,2023-10-29,signup,Basic,29
410,CUST00267,2024-11-22,cancel,Basic,0
411,CUST00268,2023-04-30,signup,Pro,99
412,CUST00268,2023-10-27,cancel,Pro,0
413,CUST00269,2025-05-02,signup,Basic,29
414,CUST00270,2023-03-19,signup,Basic,29
415,CUST00270,2025-01-07,cancel,Basic,0
416,CUST00271,2024-05-08,signup,Pro,99
417,CUST00271,2025-01-03,upgrade,Enterprise,499
418,CUST00272,2023-11-20,signup,Basic,29
419,CUST00273,2025-01-08,signup,Basic,29
420,CUST00273,2025-06-07,cancel,Basic,0
421,CUST00274,2024-03-07,signup,Enterprise,499
422,CUST00275,2025-04-09,signup,Basic,29
423,CUST00276,2024-08-12,signup,Pro,99
424,CUST00277,2024-03-07,signup,Enterprise,499
425,CUST00278,2023-08-29,signup,Enterprise,499
426,CUST00278,2025-05-20,downgrade,Pro,99
427,CUST00279,2024-07-15,signup,Enterprise,499
428,CUST00280,2023-11-12,signup,Basic,29
429,CUST00281,2024-10-23,signup,Basic,29
430,CUST00282,2023-10-03,signup,Pro,99
431,CUST00282,2024-06-29,cancel,Pro,0
432,CUST00283,2023-04-15,signup,Basic,29
433,CUST00283,2024-05-09,cancel,Basic,0
434,CUST00284,2025-03-05,signup,Basic,29
435,CUST00285,2025-02-25,signup,Pro,99
436,CUST00285,2025-04-26,cancel,Pro,0
437,CUST00286,2024-04-16,signup,Basic,29
438,CUST00286,2024-10-13,cancel,Basic,0
439,CUST00287,2023-09-17,signup,Basic,29
440,CUST00287,2024-07-13,cancel,Basic,0
441,CUST00288,2023-02-13,signup,Pro,99
442,CUST00288,2023-11-10,downgrade,Basic,29
443,CUST00289,2024-07-10,signup,Pro,99
444,CUST00289,2024-10-08,cancel,Pro,0
445,CUST00290,2023-06-08,signup,Pro,99
446,CUST00290,2023-07-08,cancel,Pro,0
447,CUST00291,2024-10-15,signup,Enterprise,499
448,CUST00292,2024-05-24,signup,Basic,29
449,CUST00292,2024-09-21,cancel,Basic,0
450,CUST00293,2023-07-26,signup,Basic,29
451,CUST00293,2024-03-22,upgrade,Pro,99
452,CUST00293,2024-10-18,cancel,Pro,0
453,CUST00294,2025-06-30,signup,Pro,99
454,CUST00295,2023-09-30,signup,Enterprise,499
455,CUST00296,2023-11-19,signup,Enterprise,499
456,CUST00297,2023-08-16,signup,Pro,99
457,CUST00298,2024-09-01,signup,Pro,99
458,CUST00298,2024-10-01,upgrade,Enterprise,499
459,CUST00298,2024-10-31,downgrade,Pro,99
460,CUST00299,2024-09-08,signup,Pro,99
461,CUST00299,2024-11-07,upgrade,Enterprise,499
462,CUST00300,2024-04-01,signup,Basic,29
463,CUST00300,2024-09-28,cancel,Basic,0
464,CUST00301,2024-02-13,signup,Basic,29
465,CUST00301,2024-12-09,upgrade,Pro,99
466,CUST00302,2023-12-23,signup,Basic,29
467,CUST00303,2023-04-24,signup,Basic,29
468,CUST00303,2024-01-19,cancel,Basic,0
469,CUST00304,2024-06-23,signup,Basic,29
470,CUST00304,2024-08-22,cancel,Basic,0
471,CUST00305,2023-03-10,signup,Pro,99
472,CUST00305,2024-08-01,upgrade,Enterprise,499
473,CUST00306,2023-03-05,signup,Enterprise,499
474,CUST00307,2025-02-27,signup,Enterprise,499
475,CUST00308,2025-01-14,signup,Pro,99
476,CUST00309,2023-04-20,signup,Pro,99
477,CUST00309,2024-09-11,cancel,Pro,0
478,CUST00310,2023-08-16,signup,Enterprise,499
479,CUST00310,2025-03-08,downgrade,Pro,99
480,CUST00311,2024-06-15,signup,Pro,99
481,CUST00311,2024-09-13,cancel,Pro,0
482,CUST00312,2023-10-26,signup,Enterprise,499
483,CUST00313,2024-04-10,signup,Basic,29
484,CUST00314,2023-02-22,signup,Pro,99
485,CUST00314,2023-07-22,cancel,Pro,0
486,CUST00315,2025-02-22,signup,Pro,99
487,CUST00316,2024-11-06,signup,Basic,29
488,CUST00316,2024-12-06,cancel,Basic,0
489,CUST00317,2025-06-22,signup,Pro,99
490,CUST00318,2023-02-20,signup,Basic,29
491,CUST00318,2023-08-19,cancel,Basic,0
492,CUST00319,2023-06-15,signup,Pro,99
493,CUST00319,2023-12-12,upgrade,Enterprise,499
494,CUST00320,2023-03-31,signup,Enterprise,499
495,CUST00320,2024-07-23,cancel,Enterprise,0
496,CUST00321,2023-01-25,signup,Pro,99
497,CUST00321,2023-08-23,cancel,Pro,0
498,CUST00322,2023-09-18,signup,Basic,29
499,CUST00322,2024-10-12,cancel,Basic,0
500,CUST00323,2023-05-20,signup,Enterprise,499
501,CUST00324,2023-11-12,signup,Basic,29
502,CUST00324,2024-08-08,cancel,Basic,0
503,CUST00325,2024-03-30,signup,Enterprise,499
504,CUST00326,2023-01-05,signup,Pro,99
505,CUST00326,2023-07-04,cancel,Pro,0
506,CUST00327,2025-02-15,signup,Enterprise,499
507,CUST00328,2023-10-07,signup,Basic,29
508,CUST00328,2024-10-31,cancel,Basic,0
509,CUST00329,2023-01-30,signup,Basic,29
510,CUST00329,2024-02-24,upgrade,Pro,99
511,CUST00329,2024-09-21,downgrade,Basic,29
512,CUST00330,2024-11-12,signup,Enterprise,499
513,CUST00331,2023-05-11,signup,Pro,99
514,CUST00332,2025-04-21,signup,Basic,29
515,CUST00333,2024-11-07,signup,Basic,29
516,CUST00333,2025-02-05,cancel,Basic,0
517,CUST00334,2023-05-31,signup,Basic,29
518,CUST00334,2024-06-24,cancel,Basic,0
519,CUST00335,2024-06-06,signup,Basic,29
520,CUST00335,2024-09-04,cancel,Basic,0
521,CUST00336,2024-01-03,signup,Basic,29
522,CUST00336,2025-05-27,upgrade,Pro,99
523,CUST00336,2025-06-26,cancel,Pro,0
524,CUST00337,2025-01-08,signup,Enterprise,499
525,CUST00338,2024-09-10,signup,Pro,99
526,CUST00339,2024-08-13,signup,Enterprise,499
527,CUST00340,2023-04-01,signup,Pro,99
528,CUST00340,2023-08-29,upgrade,Enterprise,499
529,CUST00340,2024-07-24,downgrade,Pro,99
530,CUST00340,2024-12-21,downgrade,Basic,29
531,CUST00340,2025-03-21,cancel,Basic,0
532,CUST00341,2024-10-01,signup,Basic,29
533,CUST00341,2025-03-30,cancel,Basic,0
534,CUST00342,2023-04-25,signup,Enterprise,499
535,CUST00343,2023-11-05,signup,Enterprise,499
536,CUST00343,2024-05-03,cancel,Enterprise,0
537,CUST00344,2025-03-27,signup,Enterprise,499
538,CUST00345,2024-03-18,signup,Pro,99
539,CUST00346,2023-01-13,signup,Basic,29
540,CUST00346,2023-05-13,cancel,Basic,0
541,CUST00347,2023-04-05,signup,Enterprise,499
542,CUST00348,2023-03-03,signup,Basic,29
543,CUST00348,2024-03-27,upgrade,Pro,99
544,CUST00349,2024-03-22,signup,Enterprise,499
545,CUST00349,2024-05-21,cancel,Enterprise,0
546,CUST00350,2024-05-08,signup,Pro,99
547,CUST00350,2024-10-05,downgrade,Basic,29
548,CUST00350,2025-06-02,cancel,Basic,0
549,CUST00351,2024-01-29,signup,Basic,29
550,CUST00351,2024-12-24,upgrade,Pro,99
551,CUST00352,2023-02-07,signup,Pro,99
552,CUST00352,2023-12-04,upgrade,Enterprise,499
553,CUST00353,2025-04-03,signup,Pro,99
554,CUST00354,2023-05-21,signup,Enterprise,499
555,CUST00354,2024-03-16,downgrade,Pro,99
556,CUST00354,2024-08-13,cancel,Pro,0
557,CUST00355,2024-05-13,signup,Pro,99
558,CUST00355,2025-06-07,upgrade,Enterprise,499
559,CUST00356,2024-09-18,signup,Pro,99
560,CUST00357,2024-11-06,signup,Basic,29
561,CUST00357,2025-05-05,cancel,Basic,0
562,CUST00358,2024-10-22,signup,Basic,29
563,CUST00358,2025-01-20,cancel,Basic,0
564,CUST00359,2025-01-28,signup,Basic,29
565,CUST00360,2023-11-30,signup,Enterprise,499
566,CUST00361,2023-05-11,signup,Pro,99
567,CUST00362,2023-01-06,signup,Pro,99
568,CUST00362,2023-03-07,cancel,Pro,0
569,CUST00363,2024-06-27,signup,Pro,99
570,CUST00363,2024-10-25,cancel,Pro,0
571,CUST00364,2025-01-19,signup,Basic,29
572,CUST00365,2025-05-28,signup,Enterprise,499
573,CUST00366,2025-06-14,signup,Pro,99
574,CUST00367,2024-04-20,signup,Basic,29
575,CUST00367,2024-07-19,cancel,Basic,0
576,CUST00368,2024-03-12,signup,Pro,99
577,CUST00368,2024-09-08,cancel,Pro,0
578,CUST00369,2024-11-21,signup,Basic,29
579,CUST00369,2025-04-20,upgrade,Pro,99
580,CUST00370,2023-12-09,signup,Basic,29
581,CUST00370,2024-09-04,cancel,Basic,0
582,CUST00371,2024-01-17,signup,Basic,29
583,CUST00371,2025-06-10,upgrade,Pro,99
584,CUST00372,2023-06-18,signup,Pro,99
585,CUST00372,2024-05-13,downgrade,Basic,29
586,CUST00373,2023-11-10,signup,Basic,29
587,CUST00373,2024-01-09,cancel,Basic,0
588,CUST00374,2023-12-28,signup,Enterprise,499
589,CUST00375,2024-06-30,signup,Enterprise,499
590,CUST00376,2024-08-10,signup,Pro,99
591,CUST00376,2024-12-08,upgrade,Enterprise,499
592,CUST00377,2023-12-01,signup,Pro,99
593,CUST00377,2024-12-25,downgrade,Basic,29
594,CUST00377,2025-06-23,cancel,Basic,0
595,CUST00378,2023-12-20,signup,Enterprise,499
596,CUST00379,2024-08-27,signup,Basic,29
597,CUST00379,2025-05-24,cancel,Basic,0
598,CUST00380,2025-04-26,signup,Pro,99
599,CUST00380,2025-06-25,cancel,Pro,0
600,CUST00381,2023-01-03,signup,Basic,29
601,CUST00381,2023-11-29,upgrade,Pro,99
602,CUST00381,2024-12-23,downgrade,Basic,29
603,CUST00382,2023-12-31,signup,Basic,29
604,CUST00382,2025-04-24,cancel,Basic,0
605,CUST00383,2024-06-14,signup,Pro,99
606,CUST00384,2023-01-18,signup,Basic,29
607,CUST00384,2023-07-17,cancel,Basic,0
608,CUST00385,2025-04-14,signup,Basic,29
609,CUST00386,2024-03-11,signup,Basic,29
610,CUST00386,2024-05-10,cancel,Basic,0
611,CUST00387,2023-04-21,signup,Pro,99
612,CUST00387,2025-04-10,cancel,Pro,0
613,CUST00388,2023-08-11,signup,Pro,99
614,CUST00388,2023-09-10,cancel,Pro,0
615,CUST00389,2025-01-12,signup,Basic,29
616,CUST00390,2025-05-04,signup,Basic,29
617,CUST00391,2023-05-07,signup,Basic,29
618,CUST00391,2023-08-05,cancel,Basic,0
619,CUST00392,2024-01-30,signup,Pro,99
620,CUST00392,2024-11-25,cancel,Pro,0
621,CUST00393,2024-11-21,signup,Basic,29
622,CUST00394,2023-06-22,signup,Enterprise,499
623,CUST00395,2025-04-30,signup,Enterprise,499
624,CUST00396,2023-11-07,signup,Basic,29
625,CUST00396,2024-10-02,cancel,Basic,0
626,CUST00397,2023-05-02,signup,Basic,29
627,CUST00397,2023-06-01,cancel,Basic,0
628,CUST00398,2025-06-24,signup,Basic,29
629,CUST00399,2024-02-03,signup,Basic,29
630,CUST00399,2024-08-01,cancel,Basic,0
631,CUST00400,2023-09-27,signup,Enterprise,499
632,CUST00401,2023-04-28,signup,Basic,29
633,CUST00401,2023-09-25,cancel,Basic,0
634,CUST00402,2024-04-25,signup,Enterprise,499
635,CUST00403,2024-07-02,signup,Basic,29
636,CUST00403,2024-10-30,cancel,Basic,0
637,CUST00404,2025-05-14,signup,Pro,99
638,CUST00405,2024-05-01,signup,Basic,29
639,CUST00406,2025-01-30,signup,Basic,29
640,CUST00406,2025-06-29,cancel,Basic,0
641,CUST00407,2023-07-25,signup,Basic,29
642,CUST00407,2024-10-17,cancel,Basic,0
643,CUST00408,2024-04-20,signup,Enterprise,499
644,CUST00408,2024-12-16,downgrade,Pro,99
645,CUST00408,2025-03-16,downgrade,Basic,29
646,CUST00409,2024-11-18,signup,Pro,99
647,CUST00410,2023-09-15,signup,Basic,29
648,CUST00411,2024-01-07,signup,Basic,29
649,CUST00412,2023-09-19,signup,Enterprise,499
650,CUST00413,2024-09-08,signup,Basic,29
651,CUST00413,2024-10-08,cancel,Basic,0
652,CUST00414,2023-02-23,signup,Basic,29
653,CUST00415,2024-10-03,signup,Basic,29
654,CUST00416,2025-01-05,signup,Enterprise,499
655,CUST00417,2023-09-30,signup,Basic,29
656,CUST00417,2024-12-23,cancel,Basic,0
657,CUST00418,2024-12-10,signup,Basic,29
658,CUST00418,2025-04-09,cancel,Basic,0
659,CUST00419,2024-09-12,signup,Enterprise,499
660,CUST00419,2024-11-11,cancel,Enterprise,0
661,CUST00420,2024-05-31,signup,Basic,29
662,CUST00420,2024-08-29,cancel,Basic,0
663,CUST00421,2023-07-03,signup,Pro,99
664,CUST00421,2023-12-30,upgrade,Enterprise,499
665,CUST00422,2025-03-28,signup,Basic,29
666,CUST00422,2025-04-27,cancel,Basic,0
667,CUST00423,2023-09-24,signup,Basic,29
668,CUST00423,2023-10-24,cancel,Basic,0
669,CUST00424,2024-01-01,signup,Pro,99
670,CUST00425,2024-11-24,signup,Basic,29
671,CUST00425,2025-05-23,cancel,Basic,0
672,CUST00426,2024-11-06,signup,Pro,99
673,CUST00426,2024-12-06,cancel,Pro,0
674,CUST00427,2023-02-14,signup,Enterprise,499
675,CUST00428,2024-09-09,signup,Enterprise,499
676,CUST00429,2024-10-07,signup,Basic,29
677,CUST00430,2024-05-04,signup,Enterprise,499
678,CUST00431,2024-05-30,signup,Pro,99
679,CUST00431,2024-07-29,upgrade,Enterprise,499
680,CUST00432,2023-03-22,signup,Enterprise,499
681,CUST00432,2023-07-20,cancel,Enterprise,0
682,CUST00433,2024-11-02,signup,Enterprise,499
683,CUST00434,2023-11-06,signup,Basic,29
684,CUST00434,2024-02-04,cancel,Basic,0
685,CUST00435,2024-05-07,signup,Pro,99
686,CUST00435,2025-05-02,cancel,Pro,0
687,CUST00436,2024-04-05,signup,Basic,29
688,CUST00436,2024-05-05,cancel,Basic,0
689,CUST00437,2023-01-09,signup,Pro,99
690,CUST00437,2024-06-02,downgrade,Basic,29
691,CUST00437,2025-01-28,cancel,Basic,0
692,CUST00438,2023-10-22,signup,Basic,29
693,CUST00439,2023-05-13,signup,Basic,29
694,CUST00440,2024-09-10,signup,Enterprise,499
695,CUST00441,2024-06-03,signup,Enterprise,499
696,CUST00442,2023-09-09,signup,Basic,29
697,CUST00442,2025-01-31,cancel,Basic,0
698,CUST00443,2025-01-04,signup,Pro,99
699,CUST00443,2025-06-03,upgrade,Enterprise,499
700,CUST00444,2024-10-18,signup,Enterprise,499
701,CUST00445,2023-01-09,signup,Enterprise,499
702,CUST00445,2024-02-03,downgrade,Pro,99
703,CUST00445,2025-01-28,cancel,Pro,0
704,CUST00446,2025-03-26,signup,Pro,99
705,CUST00447,2023-09-23,signup,Basic,29
706,CUST00447,2024-01-21,cancel,Basic,0
707,CUST00448,2025-04-04,signup,Pro,99
708,CUST00449,2023-08-28,signup,Pro,99
709,CUST00449,2024-09-21,downgrade,Basic,29
710,CUST00449,2025-01-19,upgrade,Pro,99
711,CUST00450,2024-08-21,signup,Basic,29
712,CUST00451,2024-04-11,signup,Enterprise,499
713,CUST00452,2024-03-07,signup,Enterprise,499
714,CUST00452,2024-06-05,cancel,Enterprise,0
715,CUST00453,2024-07-14,signup,Enterprise,499
716,CUST00454,2023-11-30,signup,Pro,99
717,CUST00454,2025-06-22,upgrade,Enterprise,499
718,CUST00455,2024-08-06,signup,Pro,99
719,CUST00455,2024-12-04,cancel,Pro,0
720,CUST00456,2025-03-16,signup,Enterprise,499
721,CUST00457,2024-02-16,signup,Pro,99
722,CUST00457,2024-09-13,downgrade,Basic,29
723,CUST00458,2023-01-28,signup,Basic,29
724,CUST00458,2024-02-22,upgrade,Pro,99
725,CUST00459,2023-05-26,signup,Enterprise,499
726,CUST00459,2023-09-23,downgrade,Pro,99
727,CUST00459,2024-03-21,downgrade,Basic,29
728,CUST00459,2025-03-16,upgrade,Pro,99
729,CUST00460,2025-01-12,signup,Basic,29
730,CUST00461,2025-02-09,signup,Basic,29
731,CUST00461,2025-06-09,cancel,Basic,0
732,CUST00462,2024-12-09,signup,Enterprise,499
733,CUST00463,2024-07-05,signup,Enterprise,499
734,CUST00463,2025-06-30,cancel,Enterprise,0
735,CUST00464,2024-04-18,signup,Basic,29
736,CUST00464,2024-05-18,cancel,Basic,0
737,CUST00465,2023-10-15,signup,Basic,29
738,CUST00465,2024-04-12,cancel,Basic,0
739,CUST00466,2023-01-08,signup,Pro,99
740,CUST00466,2025-03-28,upgrade,Enterprise,499
741,CUST00467,2023-10-08,signup,Basic,29
742,CUST00467,2024-05-05,cancel,Basic,0
743,CUST00468,2023-07-19,signup,Enterprise,499
744,CUST00469,2024-03-25,signup,Pro,99
745,CUST00469,2024-10-21,cancel,Pro,0
746,CUST00470,2025-04-01,signup,Basic,29
747,CUST00470,2025-05-31,cancel,Basic,0
748,CUST00471,2023-02-23,signup,Basic,29
749,CUST00471,2023-06-23,cancel,Basic,0
750,CUST00472,2024-01-29,signup,Basic,29
751,CUST00472,2024-10-25,cancel,Basic,0
752,CUST00473,2024-08-09,signup,Basic,29
753,CUST00473,2025-01-06,upgrade,Pro,99
754,CUST00474,2025-06-25,signup,Basic,29
755,CUST00475,2023-12-18,signup,Enterprise,499
756,CUST00476,2024-09-22,signup,Basic,29
757,CUST00477,2025-04-06,signup,Basic,29
758,CUST00477,2025-06-05,upgrade,Pro,99
759,CUST00478,2023-01-31,signup,Basic,29
760,CUST00478,2023-05-01,cancel,Basic,0
761,CUST00479,2023-01-31,signup,Basic,29
762,CUST00479,2023-06-30,cancel,Basic,0
763,CUST00480,2025-05-13,signup,Pro,99
764,CUST00481,2023-11-09,signup,Basic,29
765,CUST00481,2024-05-07,upgrade,Pro,99
766,CUST00481,2025-03-03,upgrade,Enterprise,499
767,CUST00482,2025-03-19,signup,Basic,29
768,CUST00483,2025-06-26,signup,Pro,99
769,CUST00484,2024-09-21,signup,Pro,99
770,CUST00485,2024-08-18,signup,Enterprise,499
771,CUST00486,2023-03-28,signup,Basic,29
772,CUST00486,2023-05-27,cancel,Basic,0
773,CUST00487,2024-06-08,signup,Basic,29
774,CUST00487,2024-10-06,cancel,Basic,0
775,CUST00488,2024-03-28,signup,Pro,99
776,CUST00489,2025-02-09,signup,Basic,29
777,CUST00490,2025-04-21,signup,Pro,99
778,CUST00491,2025-06-05,signup,Pro,99
779,CUST00492,2023-08-28,signup,Pro,99
780,CUST00492,2024-06-23,cancel,Pro,0
781,CUST00493,2023-05-23,signup,Pro,99
782,CUST00493,2024-05-17,cancel,Pro,0
783,CUST00494,2023-05-23,signup,Enterprise,499
784,CUST00495,2024-04-10,signup,Basic,29
785,CUST00496,2023-11-14,signup,Basic,29
786,CUST00496,2024-10-09,cancel,Basic,0
787,CUST00497,2023-04-04,signup,Enterprise,499
788,CUST00497,2024-06-27,downgrade,Pro,99
789,CUST00498,2024-01-13,signup,Pro,99
790,CUST00498,2024-05-12,upgrade,Enterprise,499
791,CUST00498,2025-01-07,downgrade,Pro,99
792,CUST00499,2024-04-17,signup,Basic,29
793,CUST00499,2024-09-14,cancel,Basic,0
794,CUST00500,2023-04-13,signup,Pro,99
795,CUST00500,2023-11-09,cancel,Pro,0
796,CUST00501,2024-11-22,signup,Basic,29
797,CUST00501,2025-06-20,cancel,Basic,0
798,CUST00502,2023-01-05,signup,Basic,29
799,CUST00503,2023-03-09,signup,Basic,29
800,CUST00503,2023-04-08,upgrade,Pro,99
801,CUST00504,2023-08-27,signup,Basic,29
802,CUST00504,2024-03-24,cancel,Basic,0
803,CUST00505,2024-01-19,signup,Basic,29
804,CUST00505,2024-02-18,cancel,Basic,0
805,CUST00506,2025-01-12,signup,Enterprise,499
806,CUST00506,2025-05-12,downgrade,Pro,99
807,CUST00507,2024-02-29,signup,Basic,29
808,CUST00507,2025-03-25,cancel,Basic,0
809,CUST00508,2025-06-09,signup,Pro,99
810,CUST00509,2023-07-29,signup,Basic,29
811,CUST00509,2023-09-27,upgrade,Pro,99
812,CUST00509,2024-09-21,upgrade,Enterprise,499
813,CUST00510,2023-01-21,signup,Basic,29
814,CUST00510,2023-10-18,upgrade,Pro,99
815,CUST00510,2024-03-16,cancel,Pro,0
816,CUST00511,2024-05-27,signup,Basic,29
817,CUST00511,2025-01-22,cancel,Basic,0
818,CUST00512,2023-05-08,signup,Basic,29
819,CUST00512,2024-01-03,cancel,Basic,0
820,CUST00513,2024-01-30,signup,Pro,99
821,CUST00513,2024-05-29,cancel,Pro,0
822,CUST00514,2024-11-12,signup,Basic,29
823,CUST00515,2024-02-12,signup,Pro,99
824,CUST00516,2023-10-03,signup,Enterprise,499
825,CUST00516,2023-11-02,cancel,Enterprise,0
826,CUST00517,2023-01-02,signup,Pro,99
827,CUST00517,2023-12-28,downgrade,Basic,29
828,CUST00517,2025-06-20,upgrade,Pro,99
829,CUST00518,2024-11-12,signup,Pro,99
830,CUST00519,2024-09-10,signup,Pro,99
831,CUST00519,2025-02-07,downgrade,Basic,29
832,CUST00520,2024-12-16,signup,Enterprise,499
833,CUST00521,2024-09-25,signup,Enterprise,499
834,CUST00522,2024-03-30,signup,Pro,99
835,CUST00522,2025-06-23,cancel,Pro,0
836,CUST00523,2024-04-23,signup,Basic,29
837,CUST00523,2024-10-20,cancel,Basic,0
838,CUST00524,2025-01-02,signup,Enterprise,499
839,CUST00525,2023-05-07,signup,Enterprise,499
840,CUST00526,2024-08-13,signup,Basic,29
841,CUST00527,2023-11-20,signup,Enterprise,499
842,CUST00528,2025-04-09,signup,Enterprise,499
843,CUST00529,2024-07-15,signup,Basic,29
844,CUST00530,2025-04-04,signup,Enterprise,499
845,CUST00531,2023-05-29,signup,Basic,29
846,CUST00531,2023-06-28,cancel,Basic,0
847,CUST00532,2025-01-13,signup,Pro,99
848,CUST00532,2025-06-12,downgrade,Basic,29
849,CUST00533,2024-10-27,signup,Basic,29
850,CUST00533,2024-12-26,cancel,Basic,0
851,CUST00534,2023-09-04,signup,Basic,29
852,CUST00534,2024-09-28,cancel,Basic,0
853,CUST00535,2024-05-15,signup,Enterprise,499
854,CUST00536,2025-03-25,signup,Pro,99
855,CUST00537,2024-05-15,signup,Pro,99
856,CUST00538,2024-07-29,signup,Basic,29
857,CUST00538,2025-01-25,cancel,Basic,0
858,CUST00539,2023-11-04,signup,Enterprise,499
859,CUST00540,2024-09-29,signup,Basic,29
860,CUST00540,2025-05-27,upgrade,Pro,99
861,CUST00541,2024-10-10,signup,Basic,29
862,CUST00542,2023-09-11,signup,Basic,29
863,CUST00543,2023-10-16,signup,Enterprise,499
864,CUST00544,2025-03-07,signup,Pro,99
865,CUST00545,2023-10-21,signup,Pro,99
866,CUST00545,2024-09-15,cancel,Pro,0
867,CUST00546,2025-01-31,signup,Enterprise,499
868,CUST00547,2024-06-11,signup,Pro,99
869,CUST00548,2024-06-24,signup,Basic,29
870,CUST00548,2024-11-21,upgrade,Pro,99
871,CUST00549,2024-11-26,signup,Pro,99
872,CUST00549,2025-03-26,cancel,Pro,0
873,CUST00550,2024-10-08,signup,Basic,29
874,CUST00550,2025-04-06,cancel,Basic,0
875,CUST00551,2023-01-07,signup,Basic,29
876,CUST00551,2023-05-07,cancel,Basic,0
877,CUST00552,2024-03-17,signup,Basic,29
878,CUST00552,2024-06-15,cancel,Basic,0
879,CUST00553,2025-02-26,signup,Basic,29
880,CUST00554,2024-03-25,signup,Basic,29
881,CUST00554,2024-09-21,cancel,Basic,0
882,CUST00555,2024-02-09,signup,Basic,29
883,CUST00556,2023-05-10,signup,Pro,99
884,CUST00556,2023-06-09,upgrade,Enterprise,499
885,CUST00556,2023-10-07,cancel,Enterprise,0
886,CUST00557,2024-05-06,signup,Pro,99
887,CUST00558,2024-08-28,signup,Basic,29
888,CUST00558,2024-09-27,cancel,Basic,0
889,CUST00559,2024-03-12,signup,Pro,99
890,CUST00559,2025-06-05,upgrade,Enterprise,499
891,CUST00560,2023-02-11,signup,Pro,99
892,CUST00560,2023-11-08,cancel,Pro,0
893,CUST00561,2023-05-14,signup,Pro,99
894,CUST00561,2024-09-05,upgrade,Enterprise,499
895,CUST00561,2025-04-03,downgrade,Pro,99
896,CUST00562,2023-09-16,signup,Enterprise,499
897,CUST00563,2023-03-18,signup,Pro,99
898,CUST00563,2024-08-09,upgrade,Enterprise,499
899,CUST00564,2024-07-01,signup,Pro,99
900,CUST00564,2025-04-27,cancel,Pro,0
901,CUST00565,2023-12-31,signup,Pro,99
902,CUST00566,2023-08-26,signup,Basic,29
903,CUST00566,2024-05-22,cancel,Basic,0
904,CUST00567,2025-04-17,signup,Basic,29
905,CUST00568,2023-04-13,signup,Pro,99
906,CUST00568,2023-07-12,cancel,Pro,0
907,CUST00569,2025-04-26,signup,Enterprise,499
908,CUST00570,2024-09-06,signup,Enterprise,499
909,CUST00571,2024-05-05,signup,Basic,29
910,CUST00571,2024-07-04,cancel,Basic,0
911,CUST00572,2023-02-15,signup,Basic,29
912,CUST00572,2023-05-16,cancel,Basic,0
913,CUST00573,2024-03-13,signup,Basic,29
914,CUST00573,2024-09-09,cancel,Basic,0
915,CUST00574,2023-10-16,signup,Basic,29
916,CUST00574,2024-10-10,cancel,Basic,0
917,CUST00575,2024-05-26,signup,Enterprise,499
918,CUST00576,2025-01-14,signup,Pro,99
919,CUST00577,2024-09-08,signup,Pro,99
920,CUST00578,2024-06-23,signup,Pro,99
921,CUST00579,2023-05-23,signup,Pro,99
922,CUST00579,2023-08-21,downgrade,Basic,29
923,CUST00579,2024-01-18,cancel,Basic,0
924,CUST00580,2024-03-10,signup,Pro,99
925,CUST00580,2024-10-06,cancel,Pro,0
926,CUST00581,2023-06-03,signup,Basic,29
927,CUST00581,2024-03-29,cancel,Basic,0
928,CUST00582,2025-02-08,signup,Basic,29
929,CUST00583,2024-08-08,signup,Pro,99
930,CUST00583,2024-10-07,downgrade,Basic,29
931,CUST00583,2025-03-06,cancel,Basic,0
932,CUST00584,2024-02-06,signup,Pro,99
933,CUST00584,2025-04-01,cancel,Pro,0
934,CUST00585,2023-10-16,signup,Basic,29
935,CUST00585,2024-03-14,cancel,Basic,0
936,CUST00586,2023-10-03,signup,Basic,29
937,CUST00586,2023-11-02,cancel,Basic,0
938,CUST00587,2023-11-19,signup,Pro,99
939,CUST00587,2024-12-13,cancel,Pro,0
940,CUST00588,2025-03-26,signup,Enterprise,499
941,CUST00589,2024-10-02,signup,Enterprise,499
942,CUST00590,2025-03-15,signup,Basic,29
943,CUST00590,2025-04-14,cancel,Basic,0
944,CUST00591,2024-02-01,signup,Enterprise,499
945,CUST00591,2024-05-31,cancel,Enterprise,0
946,CUST00592,2023-03-31,signup,Basic,29
947,CUST00592,2024-06-23,cancel,Basic,0
948,CUST00593,2025-05-29,signup,Basic,29
949,CUST00594,2024-01-11,signup,Pro,99
950,CUST00594,2024-12-06,cancel,Pro,0
951,CUST00595,2025-05-23,signup,Basic,29
952,CUST00596,2025-06-14,signup,Basic,29
953,CUST00597,2024-04-21,signup,Basic,29
954,CUST00597,2025-02-15,cancel,Basic,0
955,CUST00598,2023-05-30,signup,Basic,29
956,CUST00598,2023-07-29,upgrade,Pro,99
957,CUST00598,2024-01-25,cancel,Pro,0
958,CUST00599,2025-02-15,signup,Basic,29
959,CUST00600,2024-06-21,signup,Pro,99
960,CUST00601,2025-04-22,signup,Pro,99
961,CUST00602,2023-05-29,signup,Enterprise,499
962,CUST00602,2023-08-27,cancel,Enterprise,0
963,CUST00603,2024-11-21,signup,Basic,29
964,CUST00603,2025-05-20,cancel,Basic,0
965,CUST00604,2024-03-06,signup,Pro,99
966,CUST00604,2024-08-03,cancel,Pro,0
967,CUST00605,2025-04-13,signup,Basic,29
968,CUST00606,2024-04-11,signup,Pro,99
969,CUST00607,2025-05-27,signup,Pro,99
970,CUST00608,2024-09-23,signup,Pro,99
971,CUST00608,2025-02-20,cancel,Pro,0
972,CUST00609,2023-08-05,signup,Basic,29
973,CUST00609,2025-02-25,cancel,Basic,0
974,CUST00610,2024-02-29,signup,Pro,99
975,CUST00611,2023-11-22,signup,Basic,29
976,CUST00611,2024-09-17,cancel,Basic,0
977,CUST00612,2024-03-23,signup,Basic,29
978,CUST00612,2024-06-21,upgrade,Pro,99
979,CUST00613,2025-03-15,signup,Basic,29
980,CUST00614,2023-04-24,signup,Basic,29
981,CUST00614,2023-07-23,upgrade,Pro,99
982,CUST00615,2024-09-06,signup,Pro,99
983,CUST00615,2024-11-05,cancel,Pro,0
984,CUST00616,2023-01-24,signup,Pro,99
985,CUST00617,2024-03-09,signup,Basic,29
986,CUST00617,2024-09-05,cancel,Basic,0
987,CUST00618,2024-06-07,signup,Basic,29
988,CUST00618,2024-10-05,cancel,Basic,0
989,CUST00619,2025-04-08,signup,Pro,99
990,CUST00620,2023-05-06,signup,Pro,99
991,CUST00621,2024-01-28,signup,Basic,29
992,CUST00621,2024-09-24,cancel,Basic,0
993,CUST00622,2024-10-22,signup,Pro,99
994,CUST00623,2024-09-24,signup,Pro,99
995,CUST00624,2023-01-06,signup,Enterprise,499
996,CUST00625,2024-11-06,signup,Enterprise,499
997,CUST00625,2025-02-04,cancel,Enterprise,0
998,CUST00626,2023-08-10,signup,Basic,29
999,CUST00627,2025-06-16,signup,Basic,29
1000,CUST00628,2023-07-11,signup,Basic,29
1001,CUST00628,2024-03-07,cancel,Basic,0
1002,CUST00629,2023-10-07,signup,Basic,29
1003,CUST00629,2024-06-03,cancel,Basic,0
1004,CUST00630,2023-09-12,signup,Basic,29
1005,CUST00630,2025-03-05,cancel,Basic,0
1006,CUST00631,2025-01-26,signup,Enterprise,499
1007,CUST00632,2024-11-13,signup,Basic,29
1008,CUST00632,2025-03-13,cancel,Basic,0
1009,CUST00633,2024-08-20,signup,Enterprise,499
1010,CUST00634,2024-04-08,signup,Basic,29
1011,CUST00634,2024-07-07,cancel,Basic,0
1012,CUST00635,2023-12-28,signup,Basic,29
1013,CUST00635,2024-07-25,cancel,Basic,0
1014,CUST00636,2024-01-01,signup,Pro,99
1015,CUST00637,2023-11-13,signup,Pro,99
1016,CUST00637,2024-06-10,cancel,Pro,0
1017,CUST00638,2024-12-02,signup,Pro,99
1018,CUST00638,2025-05-31,cancel,Pro,0
1019,CUST00639,2023-02-11,signup,Basic,29
1020,CUST00639,2023-06-11,cancel,Basic,0
1021,CUST00640,2023-09-15,signup,Enterprise,499
1022,CUST00641,2025-04-03,signup,Basic,29
1023,CUST00642,2023-11-09,signup,Pro,99
1024,CUST00642,2025-02-01,cancel,Pro,0
1025,CUST00643,2025-02-24,signup,Pro,99
1026,CUST00644,2023-02-24,signup,Basic,29
1027,CUST00645,2025-04-04,signup,Basic,29
1028,CUST00646,2024-06-16,signup,Basic,29
1029,CUST00646,2024-08-15,cancel,Basic,0
1030,CUST00647,2023-05-05,signup,Basic,29
1031,CUST00647,2025-06-23,cancel,Basic,0
1032,CUST00648,2024-04-13,signup,Basic,29
1033,CUST00648,2024-08-11,cancel,Basic,0
1034,CUST00649,2024-04-14,signup,Enterprise,499
1035,CUST00650,2024-10-22,signup,Enterprise,499
1036,CUST00651,2024-09-24,signup,Basic,29
1037,CUST00652,2023-08-31,signup,Enterprise,499
1038,CUST00653,2025-04-13,signup,Basic,29
1039,CUST00654,2023-07-28,signup,Basic,29
1040,CUST00655,2023-02-22,signup,Basic,29
1041,CUST00655,2023-06-22,upgrade,Pro,99
1042,CUST00655,2024-03-18,downgrade,Basic,29
1043,CUST00655,2024-09-14,cancel,Basic,0
1044,CUST00656,2023-12-13,signup,Pro,99
1045,CUST00656,2025-01-06,upgrade,Enterprise,499
1046,CUST00657,2023-05-13,signup,Basic,29
1047,CUST00657,2024-01-08,cancel,Basic,0
1048,CUST00658,2024-01-24,signup,Pro,99
1049,CUST00658,2025-04-18,cancel,Pro,0
1050,CUST00659,2024-02-27,signup,Enterprise,499
1051,CUST00660,2023-03-20,signup,Basic,29
1052,CUST00660,2024-09-10,cancel,Basic,0
1053,CUST00661,2024-06-17,signup,Pro,99
1054,CUST00661,2024-09-15,cancel,Pro,0
1055,CUST00662,2023-08-29,signup,Pro,99
1056,CUST00662,2023-09-28,cancel,Pro,0
1057,CUST00663,2025-05-06,signup,Basic,29
1058,CUST00663,2025-06-05,cancel,Basic,0
1059,CUST00664,2025-05-25,signup,Pro,99
1060,CUST00665,2023-08-18,signup,Basic,29
1061,CUST00665,2023-10-17,cancel,Basic,0
1062,CUST00666,2025-02-20,signup,Basic,29
1063,CUST00667,2025-02-14,signup,Pro,99
1064,CUST00668,2024-07-20,signup,Pro,99
1065,CUST00668,2025-05-16,cancel,Pro,0
1066,CUST00669,2025-03-29,signup,Pro,99
1067,CUST00669,2025-06-27,upgrade,Enterprise,499
1068,CUST00670,2023-10-08,signup,Pro,99
1069,CUST00670,2023-11-07,cancel,Pro,0
1070,CUST00671,2023-11-11,signup,Basic,29
1071,CUST00671,2024-01-10,cancel,Basic,0
1072,CUST00672,2023-01-10,signup,Enterprise,499
1073,CUST00672,2024-07-03,downgrade,Pro,99
1074,CUST00672,2024-10-31,cancel,Pro,0
1075,CUST00673,2025-01-04,signup,Enterprise,499
1076,CUST00673,2025-06-03,downgrade,Pro,99
1077,CUST00674,2023-08-29,signup,Basic,29
1078,CUST00674,2023-09-28,upgrade,Pro,99
1079,CUST00674,2024-05-25,cancel,Pro,0
1080,CUST00675,2024-09-13,signup,Basic,29
1081,CUST00675,2025-01-11,cancel,Basic,0
1082,CUST00676,2024-01-13,signup,Enterprise,499
1083,CUST00677,2024-08-01,signup,Pro,99
1084,CUST00678,2023-12-03,signup,Pro,99
1085,CUST00679,2024-11-21,signup,Basic,29
1086,CUST00680,2025-06-16,signup,Basic,29
1087,CUST00681,2025-01-30,signup,Enterprise,499
1088,CUST00682,2024-03-08,signup,Basic,29
1089,CUST00682,2024-09-04,cancel,Basic,0
1090,CUST00683,2025-01-09,signup,Pro,99
1091,CUST00684,2024-12-17,signup,Pro,99
1092,CUST00685,2024-03-25,signup,Pro,99
1093,CUST00685,2024-06-23,upgrade,Enterprise,499
1094,CUST00685,2025-03-20,downgrade,Pro,99
1095,CUST00686,2024-03-16,signup,Pro,99
1096,CUST00687,2023-06-22,signup,Enterprise,499
1097,CUST00688,2023-08-16,signup,Basic,29
1098,CUST00688,2023-12-14,upgrade,Pro,99
1099,CUST00688,2024-03-13,upgrade,Enterprise,499
1100,CUST00689,2025-01-21,signup,Basic,29
1101,CUST00689,2025-05-21,cancel,Basic,0
1102,CUST00690,2023-03-10,signup,Pro,99
1103,CUST00691,2024-12-14,signup,Pro,99
1104,CUST00691,2025-03-14,cancel,Pro,0
1105,CUST00692,2023-10-02,signup,Enterprise,499
1106,CUST00693,2024-07-06,signup,Enterprise,499
1107,CUST00694,2025-01-05,signup,Enterprise,499
1108,CUST00694,2025-05-05,cancel,Enterprise,0
1109,CUST00695,2025-05-15,signup,Pro,99
1110,CUST00696,2023-02-13,signup,Basic,29
1111,CUST00696,2023-12-10,upgrade,Pro,99
1112,CUST00696,2024-04-08,cancel,Pro,0
1113,CUST00697,2025-04-30,signup,Pro,99
1114,CUST00698,2024-09-12,signup,Pro,99
1115,CUST00698,2024-10-12,cancel,Pro,0
1116,CUST00699,2023-10-08,signup,Pro,99
1117,CUST00699,2024-08-03,cancel,Pro,0
1118,CUST00700,2024-05-23,signup,Enterprise,499
1119,CUST00701,2024-08-30,signup,Basic,29
1120,CUST00701,2024-12-28,cancel,Basic,0
1121,CUST00702,2024-05-20,signup,Basic,29
1122,CUST00702,2024-06-19,cancel,Basic,0
1123,CUST00703,2023-10-02,signup,Pro,99
1124,CUST00703,2024-10-26,cancel,Pro,0
1125,CUST00704,2024-06-16,signup,Basic,29
1126,CUST00704,2024-07-16,cancel,Basic,0
1127,CUST00705,2024-03-10,signup,Pro,99
1128,CUST00706,2024-09-20,signup,Basic,29
1129,CUST00706,2025-06-17,cancel,Basic,0
1130,CUST00707,2024-03-02,signup,Pro,99
1131,CUST00707,2024-08-29,downgrade,Basic,29
1132,CUST00708,2024-08-21,signup,Pro,99
1133,CUST00709,2024-10-22,signup,Pro,99
1134,CUST00709,2025-05-20,cancel,Pro,0
1135,CUST00710,2024-09-21,signup,Pro,99
1136,CUST00710,2024-10-21,upgrade,Enterprise,499
1137,CUST00711,2024-02-07,signup,Basic,29
1138,CUST00711,2024-05-07,upgrade,Pro,99
1139,CUST00712,2023-07-02,signup,Basic,29
1140,CUST00712,2024-12-23,cancel,Basic,0
1141,CUST00713,2023-10-07,signup,Basic,29
1142,CUST00713,2024-02-04,cancel,Basic,0
1143,CUST00714,2025-06-02,signup,Basic,29
1144,CUST00715,2024-05-17,signup,Pro,99
1145,CUST00715,2024-07-16,upgrade,Enterprise,499
1146,CUST00716,2025-01-25,signup,Enterprise,499
1147,CUST00717,2023-01-15,signup,Pro,99
1148,CUST00717,2023-02-14,downgrade,Basic,29
1149,CUST00717,2023-08-13,cancel,Basic,0
1150,CUST00718,2024-09-15,signup,Basic,29
1151,CUST00719,2023-04-01,signup,Pro,99
1152,CUST00719,2023-06-30,cancel,Pro,0
1153,CUST00720,2023-08-11,signup,Pro,99
1154,CUST00721,2024-06-19,signup,Enterprise,499
1155,CUST00722,2025-01-30,signup,Pro,99
1156,CUST00723,2024-05-01,signup,Pro,99
1157,CUST00724,2025-02-09,signup,Pro,99
1158,CUST00725,2025-01-10,signup,Basic,29
1159,CUST00725,2025-02-09,cancel,Basic,0
1160,CUST00726,2025-06-17,signup,Enterprise,499
1161,CUST00727,2024-03-07,signup,Basic,29
1162,CUST00727,2024-04-06,cancel,Basic,0
1163,CUST00728,2024-06-08,signup,Basic,29
1164,CUST00729,2023-06-19,signup,Pro,99
1165,CUST00730,2025-01-17,signup,Pro,99
1166,CUST00731,2025-02-25,signup,Basic,29
1167,CUST00732,2023-05-22,signup,Basic,29
1168,CUST00732,2023-12-18,cancel,Basic,0
1169,CUST00733,2024-03-07,signup,Basic,29
1170,CUST00733,2024-10-03,cancel,Basic,0
1171,CUST00734,2023-11-23,signup,Basic,29
1172,CUST00735,2024-11-21,signup,Pro,99
1173,CUST00735,2025-05-20,upgrade,Enterprise,499
1174,CUST00736,2024-04-16,signup,Enterprise,499
1175,CUST00736,2025-02-10,downgrade,Pro,99
1176,CUST00737,2023-06-29,signup,Pro,99
1177,CUST00737,2024-05-24,upgrade,Enterprise,499
1178,CUST00737,2024-07-23,downgrade,Pro,99
1179,CUST00738,2025-02-03,signup,Enterprise,499
1180,CUST00739,2024-09-22,signup,Enterprise,499
1181,CUST00740,2023-10-07,signup,Pro,99
1182,CUST00740,2024-05-04,cancel,Pro,0
1183,CUST00741,2023-11-29,signup,Pro,99
1184,CUST00741,2024-06-26,cancel,Pro,0
1185,CUST00742,2023-12-15,signup,Basic,29
1186,CUST00742,2024-08-11,upgrade,Pro,99
1187,CUST00743,2024-08-21,signup,Basic,29
1188,CUST00744,2024-08-07,signup,Enterprise,499
1189,CUST00745,2024-10-10,signup,Basic,29
1190,CUST00746,2023-01-04,signup,Basic,29
1191,CUST00746,2023-08-02,cancel,Basic,0
1192,CUST00747,2023-08-18,signup,Enterprise,499
1193,CUST00748,2024-04-15,signup,Enterprise,499
1194,CUST00748,2025-02-09,cancel,Enterprise,0
1195,CUST00749,2023-02-03,signup,Basic,29
1196,CUST00749,2023-04-04,upgrade,Pro,99
1197,CUST00749,2023-11-30,cancel,Pro,0
1198,CUST00750,2023-03-03,signup,Pro,99
1199,CUST00750,2024-10-23,upgrade,Enterprise,499
1200,CUST00751,2024-08-04,signup,Basic,29
1201,CUST00752,2025-01-31,signup,Basic,29
1202,CUST00753,2023-01-13,signup,Pro,99
1203,CUST00753,2024-04-07,cancel,Pro,0
1204,CUST00754,2023-03-08,signup,Basic,29
1205,CUST00754,2023-11-03,cancel,Basic,0
1206,CUST00755,2023-08-22,signup,Basic,29
1207,CUST00755,2023-11-20,upgrade,Pro,99
1208,CUST00755,2024-05-18,downgrade,Basic,29
1209,CUST00755,2025-03-14,cancel,Basic,0
1210,CUST00756,2024-09-15,signup,Pro,99
1211,CUST00756,2024-11-14,downgrade,Basic,29
1212,CUST00756,2025-02-12,upgrade,Pro,99
1213,CUST00757,2023-02-22,signup,Basic,29
1214,CUST00757,2023-09-20,cancel,Basic,0
1215,CUST00758,2023-04-25,signup,Basic,29
1216,CUST00758,2023-08-23,cancel,Basic,0
1217,CUST00759,2025-02-11,signup,Basic,29
1218,CUST00760,2025-06-07,signup,Basic,29
1219,CUST00761,2023-11-13,signup,Pro,99
1220,CUST00762,2023-04-16,signup,Enterprise,499
1221,CUST00763,2024-02-18,signup,Basic,29
1222,CUST00763,2024-05-18,cancel,Basic,0
1223,CUST00764,2024-12-22,signup,Pro,99
1224,CUST00764,2025-01-21,cancel,Pro,0
1225,CUST00765,2023-11-30,signup,Pro,99
1226,CUST00765,2024-09-25,cancel,Pro,0
1227,CUST00766,2024-11-06,signup,Enterprise,499
1228,CUST00767,2023-10-19,signup,Pro,99
1229,CUST00768,2024-01-05,signup,Pro,99
1230,CUST00768,2025-03-30,downgrade,Basic,29
1231,CUST00769,2025-03-20,signup,Basic,29
1232,CUST00770,2025-03-10,signup,Basic,29
1233,CUST00771,2025-02-24,signup,Pro,99
1234,CUST00772,2024-04-09,signup,Enterprise,499
1235,CUST00772,2024-10-06,cancel,Enterprise,0
1236,CUST00773,2023-11-27,signup,Basic,29
1237,CUST00773,2025-03-21,cancel,Basic,0
1238,CUST00774,2023-05-11,signup,Enterprise,499
1239,CUST00775,2024-06-12,signup,Basic,29
1240,CUST00775,2025-05-08,cancel,Basic,0
1241,CUST00776,2024-01-25,signup,Pro,99
1242,CUST00776,2024-12-20,cancel,Pro,0
1243,CUST00777,2023-10-09,signup,Pro,99
1244,CUST00777,2023-12-08,cancel,Pro,0
1245,CUST00778,2024-06-15,signup,Pro,99
1246,CUST00779,2024-01-09,signup,Basic,29
1247,CUST00779,2024-07-07,cancel,Basic,0
1248,CUST00780,2023-01-27,signup,Pro,99
1249,CUST00780,2023-03-28,upgrade,Enterprise,499
1250,CUST00780,2023-08-25,cancel,Enterprise,0
1251,CUST00781,2023-08-17,signup,Pro,99
1252,CUST00781,2024-03-14,cancel,Pro,0
1253,CUST00782,2024-05-02,signup,Pro,99
1254,CUST00783,2023-04-18,signup,Pro,99
1255,CUST00783,2024-05-12,cancel,Pro,0
1256,CUST00784,2025-03-29,signup,Basic,29
1257,CUST00784,2025-04-28,cancel,Basic,0
1258,CUST00785,2024-10-11,signup,Basic,29
1259,CUST00785,2024-11-10,cancel,Basic,0
1260,CUST00786,2024-05-07,signup,Basic,29
1261,CUST00787,2025-03-01,signup,Pro,99
1262,CUST00788,2023-01-27,signup,Basic,29
1263,CUST00788,2025-01-16,cancel,Basic,0
1264,CUST00789,2024-06-29,signup,Pro,99
1265,CUST00790,2024-02-15,signup,Enterprise,499
1266,CUST00790,2024-06-14,cancel,Enterprise,0
1267,CUST00791,2023-09-15,signup,Pro,99
1268,CUST00791,2023-12-14,downgrade,Basic,29
1269,CUST00791,2025-01-07,upgrade,Pro,99
1270,CUST00792,2024-11-19,signup,Basic,29
1271,CUST00792,2024-12-19,cancel,Basic,0
1272,CUST00793,2023-05-01,signup,Pro,99
1273,CUST00794,2024-01-07,signup,Pro,99
1274,CUST00795,2024-11-12,signup,Enterprise,499
1275,CUST00796,2024-08-12,signup,Enterprise,499
1276,CUST00797,2024-10-05,signup,Pro,99
1277,CUST00797,2024-12-04,cancel,Pro,0
1278,CUST00798,2023-12-03,signup,Enterprise,499
1279,CUST00799,2025-05-27,signup,Basic,29
1280,CUST00800,2023-11-10,signup,Pro,99
1281,CUST00800,2024-11-04,cancel,Pro,0
1282,CUST00801,2024-06-02,signup,Pro,99
1283,CUST00801,2024-09-30,downgrade,Basic,29
1284,CUST00802,2025-03-28,signup,Basic,29
1285,CUST00802,2025-05-27,cancel,Basic,0
1286,CUST00803,2024-07-15,signup,Pro,99
1287,CUST00803,2025-02-10,cancel,Pro,0
1288,CUST00804,2023-09-07,signup,Enterprise,499
1289,CUST00805,2024-12-20,signup,Basic,29
1290,CUST00806,2023-08-18,signup,Basic,29
1291,CUST00806,2023-11-16,upgrade,Pro,99
1292,CUST00806,2024-01-15,cancel,Pro,0
1293,CUST00807,2024-04-04,signup,Basic,29
1294,CUST00807,2024-07-03,upgrade,Pro,99
1295,CUST00808,2024-11-21,signup,Pro,99
1296,CUST00808,2025-05-20,cancel,Pro,0
1297,CUST00809,2024-09-16,signup,Pro,99
1298,CUST00810,2025-01-16,signup,Pro,99
1299,CUST00811,2025-05-17,signup,Basic,29
1300,CUST00812,2023-09-16,signup,Basic,29
1301,CUST00812,2024-05-13,upgrade,Pro,99
1302,CUST00812,2024-09-10,cancel,Pro,0
1303,CUST00813,2024-06-25,signup,Basic,29
1304,CUST00814,2024-03-27,signup,Pro,99
1305,CUST00815,2024-11-05,signup,Basic,29
1306,CUST00815,2025-01-04,upgrade,Pro,99
1307,CUST00816,2023-02-12,signup,Enterprise,499
1308,CUST00816,2024-10-04,cancel,Enterprise,0
1309,CUST00817,2023-04-17,signup,Basic,29
1310,CUST00817,2023-10-14,cancel,Basic,0
1311,CUST00818,2023-04-02,signup,Enterprise,499
1312,CUST00818,2024-07-25,downgrade,Pro,99
1313,CUST00818,2025-05-21,upgrade,Enterprise,499
1314,CUST00819,2024-12-06,signup,Pro,99
1315,CUST00820,2025-05-07,signup,Basic,29
1316,CUST00821,2024-11-27,signup,Enterprise,499
1317,CUST00821,2025-04-26,cancel,Enterprise,0
1318,CUST00822,2025-04-23,signup,Pro,99
1319,CUST00822,2025-06-22,cancel,Pro,0
1320,CUST00823,2024-12-10,signup,Pro,99
1321,CUST00824,2024-07-03,signup,Enterprise,499
1322,CUST00825,2023-07-25,signup,Enterprise,499
1323,CUST00825,2023-09-23,downgrade,Pro,99
1324,CUST00825,2024-12-16,upgrade,Enterprise,499
1325,CUST00825,2025-01-15,cancel,Enterprise,0
1326,CUST00826,2023-06-06,signup,Enterprise,499
1327,CUST00827,2023-02-09,signup,Basic,29
1328,CUST00827,2023-03-11,cancel,Basic,0
1329,CUST00828,2025-02-26,signup,Enterprise,499
1330,CUST00829,2024-08-08,signup,Basic,29
1331,CUST00830,2023-08-18,signup,Basic,29
1332,CUST00830,2023-12-16,cancel,Basic,0
1333,CUST00831,2025-04-04,signup,Basic,29
1334,CUST00832,2023-12-28,signup,Pro,99
1335,CUST00833,2024-10-21,signup,Basic,29
1336,CUST00833,2025-04-19,cancel,Basic,0
1337,CUST00834,2023-08-11,signup,Enterprise,499
1338,CUST00835,2023-02-06,signup,Basic,29
1339,CUST00835,2023-12-03,upgrade,Pro,99
1340,CUST00836,2023-09-13,signup,Basic,29
1341,CUST00836,2023-11-12,cancel,Basic,0
1342,CUST00837,2025-06-20,signup,Basic,29
1343,CUST00838,2024-08-23,signup,Enterprise,499
1344,CUST00839,2024-10-01,signup,Basic,29
1345,CUST00840,2024-08-27,signup,Pro,99
1346,CUST00840,2024-12-25,cancel,Pro,0
1347,CUST00841,2023-02-23,signup,Pro,99
1348,CUST00841,2023-09-21,cancel,Pro,0
1349,CUST00842,2024-10-01,signup,Pro,99
1350,CUST00842,2024-12-30,upgrade,Enterprise,499
1351,CUST00843,2024-02-21,signup,Basic,29
1352,CUST00843,2025-04-16,upgrade,Pro,99
1353,CUST00844,2025-03-31,signup,Basic,29
1354,CUST00844,2025-04-30,cancel,Basic,0
1355,CUST00845,2025-04-06,signup,Pro,99
1356,CUST00846,2024-04-16,signup,Basic,29
1357,CUST00846,2024-09-13,cancel,Basic,0
1358,CUST00847,2023-04-04,signup,Basic,29
1359,CUST00847,2023-06-03,cancel,Basic,0
1360,CUST00848,2023-03-23,signup,Basic,29
1361,CUST00848,2024-01-17,upgrade,Pro,99
1362,CUST00849,2023-09-14,signup,Pro,99
1363,CUST00849,2024-02-11,downgrade,Basic,29
1364,CUST00849,2024-05-11,upgrade,Pro,99
1365,CUST00850,2024-08-05,signup,Pro,99
1366,CUST00851,2025-06-20,signup,Enterprise,499
1367,CUST00852,2024-04-20,signup,Pro,99
1368,CUST00852,2025-06-14,cancel,Pro,0
1369,CUST00853,2024-04-28,signup,Basic,29
1370,CUST00854,2023-10-24,signup,Basic,29
1371,CUST00854,2023-12-23,cancel,Basic,0
1372,CUST00855,2023-11-12,signup,Basic,29
1373,CUST00855,2024-09-07,cancel,Basic,0
1374,CUST00856,2024-04-02,signup,Pro,99
1375,CUST00857,2024-08-30,signup,Pro,99
1376,CUST00857,2024-10-29,cancel,Pro,0
1377,CUST00858,2024-01-29,signup,Basic,29
1378,CUST00858,2024-06-27,upgrade,Pro,99
1379,CUST00858,2025-03-24,cancel,Pro,0
1380,CUST00859,2024-05-09,signup,Enterprise,499
1381,CUST00860,2025-03-20,signup,Enterprise,499
1382,CUST00861,2024-10-29,signup,Basic,29
1383,CUST00862,2024-09-13,signup,Basic,29
1384,CUST00862,2024-10-13,upgrade,Pro,99
1385,CUST00863,2024-02-10,signup,Pro,99
1386,CUST00863,2024-07-09,downgrade,Basic,29
1387,CUST00863,2024-09-07,upgrade,Pro,99
1388,CUST00863,2024-10-07,cancel,Pro,0
1389,CUST00864,2023-03-11,signup,Basic,29
1390,CUST00864,2024-12-30,cancel,Basic,0
1391,CUST00865,2025-05-13,signup,Basic,29
1392,CUST00866,2025-06-10,signup,Basic,29
1393,CUST00867,2024-11-17,signup,Basic,29
1394,CUST00867,2025-03-17,cancel,Basic,0
1395,CUST00868,2024-08-26,signup,Basic,29
1396,CUST00869,2024-07-23,signup,Pro,99
1397,CUST00870,2023-04-26,signup,Pro,99
1398,CUST00870,2024-01-21,upgrade,Enterprise,499
1399,CUST00871,2024-09-03,signup,Enterprise,499
1400,CUST00871,2024-12-02,cancel,Enterprise,0
1401,CUST00872,2023-02-01,signup,Enterprise,499
1402,CUST00872,2025-04-21,cancel,Enterprise,0
1403,CUST00873,2023-03-30,signup,Pro,99
1404,CUST00873,2023-12-25,cancel,Pro,0
1405,CUST00874,2024-05-24,signup,Basic,29
1406,CUST00874,2024-07-23,cancel,Basic,0
1407,CUST00875,2025-06-16,signup,Basic,29
1408,CUST00876,2023-01-25,signup,Pro,99
1409,CUST00876,2023-03-26,cancel,Pro,0
1410,CUST00877,2024-10-27,signup,Enterprise,499
1411,CUST00878,2024-04-28,signup,Pro,99
1412,CUST00879,2024-03-18,signup,Basic,29
1413,CUST00880,2025-03-22,signup,Basic,29
1414,CUST00881,2024-06-16,signup,Pro,99
1415,CUST00882,2023-04-19,signup,Basic,29
1416,CUST00882,2023-07-18,cancel,Basic,0
1417,CUST00883,2025-03-30,signup,Basic,29
1418,CUST00884,2025-04-14,signup,Basic,29
1419,CUST00885,2023-03-15,signup,Basic,29
1420,CUST00885,2023-05-14,cancel,Basic,0
1421,CUST00886,2024-09-03,signup,Basic,29
1422,CUST00887,2025-03-27,signup,Basic,29
1423,CUST00888,2023-01-28,signup,Enterprise,499
1424,CUST00888,2024-06-21,cancel,Enterprise,0
1425,CUST00889,2023-05-12,signup,Basic,29
1426,CUST00889,2024-01-07,cancel,Basic,0
1427,CUST00890,2024-08-22,signup,Basic,29
1428,CUST00890,2025-06-18,cancel,Basic,0
1429,CUST00891,2025-03-05,signup,Basic,29
1430,CUST00891,2025-04-04,cancel,Basic,0
1431,CUST00892,2023-07-07,signup,Enterprise,499
1432,CUST00893,2024-01-02,signup,Basic,29
1433,CUST00893,2024-09-28,cancel,Basic,0
1434,CUST00894,2025-03-19,signup,Basic,29
1435,CUST00895,2024-12-19,signup,Basic,29
1436,CUST00895,2025-04-18,cancel,Basic,0
1437,CUST00896,2025-05-31,signup,Basic,29
1438,CUST00897,2023-04-12,signup,Pro,99
1439,CUST00897,2024-07-05,downgrade,Basic,29
1440,CUST00897,2024-11-02,cancel,Basic,0
1441,CUST00898,2024-11-18,signup,Basic,29
1442,CUST00899,2023-06-11,signup,Basic,29
1443,CUST00899,2023-08-10,cancel,Basic,0
1444,CUST00900,2023-03-09,signup,Pro,99
1445,CUST00900,2023-04-08,upgrade,Enterprise,499
1446,CUST00901,2025-06-14,signup,Basic,29
1447,CUST00902,2023-09-03,signup,Basic,29
1448,CUST00903,2025-04-30,signup,Enterprise,499
1449,CUST00904,2024-04-15,signup,Basic,29
1450,CUST00904,2024-09-12,cancel,Basic,0
1451,CUST00905,2024-05-21,signup,Enterprise,499
1452,CUST00906,2023-10-12,signup,Basic,29
1453,CUST00906,2024-04-09,cancel,Basic,0
1454,CUST00907,2025-01-06,signup,Basic,29
1455,CUST00908,2023-01-24,signup,Basic,29
1456,CUST00909,2024-01-25,signup,Pro,99
1457,CUST00910,2023-09-12,signup,Enterprise,499
1458,CUST00911,2024-06-13,signup,Enterprise,499
1459,CUST00912,2023-07-10,signup,Basic,29
1460,CUST00912,2024-07-04,cancel,Basic,0
1461,CUST00913,2023-03-20,signup,Pro,99
1462,CUST00914,2024-09-12,signup,Basic,29
1463,CUST00915,2024-06-16,signup,Pro,99
1464,CUST00915,2025-01-12,upgrade,Enterprise,499
1465,CUST00916,2024-01-27,signup,Basic,29
1466,CUST00916,2024-09-23,upgrade,Pro,99
1467,CUST00917,2023-09-09,signup,Enterprise,499
1468,CUST00917,2024-07-05,downgrade,Pro,99
1469,CUST00917,2024-10-03,cancel,Pro,0
1470,CUST00918,2023-12-06,signup,Pro,99
1471,CUST00918,2024-04-04,cancel,Pro,0
1472,CUST00919,2023-08-12,signup,Basic,29
1473,CUST00919,2024-01-09,cancel,Basic,0
1474,CUST00920,2024-06-13,signup,Enterprise,499
1475,CUST00920,2024-08-12,downgrade,Pro,99
1476,CUST00921,2023-10-01,signup,Basic,29
1477,CUST00921,2023-12-30,cancel,Basic,0
1478,CUST00922,2023-11-07,signup,Basic,29
1479,CUST00922,2024-06-04,cancel,Basic,0
1480,CUST00923,2023-03-09,signup,Pro,99
1481,CUST00923,2025-05-27,cancel,Pro,0
1482,CUST00924,2024-05-09,signup,Enterprise,499
1483,CUST00925,2024-02-27,signup,Basic,29
1484,CUST00925,2024-09-24,cancel,Basic,0
1485,CUST00926,2023-06-07,signup,Enterprise,499
1486,CUST00926,2024-11-28,cancel,Enterprise,0
1487,CUST00927,2024-07-07,signup,Enterprise,499
1488,CUST00927,2024-10-05,cancel,Enterprise,0
1489,CUST00928,2023-07-01,signup,Pro,99
1490,CUST00928,2023-11-28,upgrade,Enterprise,499
1491,CUST00928,2024-02-26,downgrade,Pro,99
1492,CUST00928,2025-05-21,downgrade,Basic,29
1493,CUST00929,2023-09-24,signup,Pro,99
1494,CUST00929,2023-12-23,cancel,Pro,0
1495,CUST00930,2025-05-22,signup,Basic,29
1496,CUST00931,2024-06-05,signup,Enterprise,499
1497,CUST00932,2023-06-02,signup,Basic,29
1498,CUST00932,2024-05-27,cancel,Basic,0
1499,CUST00933,2023-06-10,signup,Basic,29
1500,CUST00933,2025-03-31,cancel,Basic,0
1501,CUST00934,2023-05-24,signup,Enterprise,499
1502,CUST00934,2024-01-19,cancel,Enterprise,0
1503,CUST00935,2024-05-28,signup,Basic,29
1504,CUST00935,2025-03-24,cancel,Basic,0
1505,CUST00936,2025-01-06,signup,Pro,99
1506,CUST00936,2025-02-05,upgrade,Enterprise,499
1507,CUST00937,2025-06-24,signup,Basic,29
1508,CUST00938,2023-08-17,signup,Basic,29
1509,CUST00938,2024-01-14,cancel,Basic,0
1510,CUST00939,2023-08-23,signup,Enterprise,499
1511,CUST00939,2023-09-22,cancel,Enterprise,0
1512,CUST00940,2023-01-17,signup,Enterprise,499
1513,CUST00940,2024-04-11,cancel,Enterprise,0
1514,CUST00941,2024-03-15,signup,Enterprise,499
1515,CUST00942,2025-06-13,signup,Enterprise,499
1516,CUST00943,2023-07-03,signup,Basic,29
1517,CUST00944,2025-03-22,signup,Basic,29
1518,CUST00945,2025-03-03,signup,Enterprise,499
1519,CUST00946,2024-05-21,signup,Basic,29
1520,CUST00946,2024-07-20,cancel,Basic,0
1521,CUST00947,2024-04-08,signup,Basic,29
1522,CUST00948,2025-01-13,signup,Pro,99
1523,CUST00949,2023-05-21,signup,Enterprise,499
1524,CUST00950,2025-05-11,signup,Enterprise,499
1525,CUST00951,2025-06-10,signup,Basic,29
1526,CUST00952,2024-03-06,signup,Pro,99
1527,CUST00953,2025-06-06,signup,Pro,99
1528,CUST00954,2024-12-26,signup,Enterprise,499
1529,CUST00954,2025-03-26,cancel,Enterprise,0
1530,CUST00955,2024-05-19,signup,Basic,29
1531,CUST00955,2024-09-16,upgrade,Pro,99
1532,CUST00956,2023-01-02,signup,Basic,29
1533,CUST00956,2023-10-29,cancel,Basic,0
1534,CUST00957,2023-03-15,signup,Basic,29
1535,CUST00957,2023-08-12,cancel,Basic,0
1536,CUST00958,2023-04-20,signup,Basic,29
1537,CUST00959,2023-10-22,signup,Basic,29
1538,CUST00959,2024-01-20,upgrade,Pro,99
1539,CUST00960,2023-05-29,signup,Pro,99
1540,CUST00960,2023-11-25,downgrade,Basic,29
1541,CUST00960,2025-01-18,cancel,Basic,0
1542,CUST00961,2023-01-21,signup,Pro,99
1543,CUST00961,2024-07-14,upgrade,Enterprise,499
1544,CUST00962,2023-02-14,signup,Pro,99
1545,CUST00962,2023-10-12,upgrade,Enterprise,499
1546,CUST00962,2023-11-11,cancel,Enterprise,0
1547,CUST00963,2024-08-24,signup,Enterprise,499
1548,CUST00964,2024-05-02,signup,Basic,29
1549,CUST00964,2025-03-28,cancel,Basic,0
1550,CUST00965,2024-12-14,signup,Basic,29
1551,CUST00966,2025-04-22,signup,Pro,99
1552,CUST00967,2023-10-30,signup,Pro,99
1553,CUST00967,2023-11-29,cancel,Pro,0
1554,CUST00968,2025-01-13,signup,Basic,29
1555,CUST00969,2024-01-23,signup,Basic,29
1556,CUST00969,2024-06-21,upgrade,Pro,99
1557,CUST00970,2024-08-31,signup,Enterprise,499
1558,CUST00971,2025-03-02,signup,Enterprise,499
1559,CUST00972,2023-04-26,signup,Basic,29
1560,CUST00972,2024-09-17,upgrade,Pro,99
1561,CUST00973,2023-03-15,signup,Basic,29
1562,CUST00973,2023-08-12,cancel,Basic,0
1563,CUST00974,2023-01-12,signup,Pro,99
1564,CUST00974,2023-02-11,cancel,Pro,0
1565,CUST00975,2023-11-27,signup,Pro,99
1566,CUST00976,2024-09-06,signup,Basic,29
1567,CUST00976,2024-11-05,upgrade,Pro,99
1568,CUST00977,2024-04-23,signup,Basic,29
1569,CUST00978,2023-02-20,signup,Pro,99
1570,CUST00978,2023-05-21,upgrade,Enterprise,499
1571,CUST00979,2025-05-27,signup,Basic,29
1572,CUST00980,2024-01-23,signup,Basic,29
1573,CUST00980,2024-04-22,upgrade,Pro,99
1574,CUST00981,2024-06-25,signup,Pro,99
1575,CUST00981,2025-05-21,upgrade,Enterprise,499
1576,CUST00982,2023-08-23,signup,Basic,29
1577,CUST00982,2023-12-21,cancel,Basic,0
1578,CUST00983,2023-03-28,signup,Pro,99
1579,CUST00983,2023-08-25,cancel,Pro,0
1580,CUST00984,2023-08-20,signup,Basic,29
1581,CUST00985,2025-01-15,signup,Basic,29
1582,CUST00986,2023-02-19,signup,Basic,29
1583,CUST00986,2023-08-18,cancel,Basic,0
1584,CUST00987,2025-01-10,signup,Pro,99
1585,CUST00988,2025-05-28,signup,Enterprise,499
1586,CUST00988,2025-06-27,cancel,Enterprise,0
1587,CUST00989,2023-07-09,signup,Pro,99
1588,CUST00989,2024-11-30,cancel,Pro,0
1589,CUST00990,2024-09-27,signup,Basic,29
1590,CUST00990,2024-10-27,upgrade,Pro,99
1591,CUST00990,2024-11-26,downgrade,Basic,29
1592,CUST00990,2025-01-25,upgrade,Pro,99
1593,CUST00991,2023-08-20,signup,Basic,29
1594,CUST00991,2024-05-16,upgrade,Pro,99
1595,CUST00991,2024-09-13,downgrade,Basic,29
1596,CUST00992,2023-09-01,signup,Basic,29
1597,CUST00992,2023-10-01,cancel,Basic,0
1598,CUST00993,2024-12-11,signup,Pro,99
1599,CUST00993,2025-04-10,downgrade,Basic,29
1600,CUST00994,2025-02-20,signup,Basic,29
1601,CUST00995,2023-09-18,signup,Pro,99
1602,CUST00995,2024-10-12,cancel,Pro,0
1603,CUST00996,2023-09-05,signup,Pro,99
1604,CUST00996,2024-12-28,cancel,Pro,0
1605,CUST00997,2025-04-21,signup,Basic,29
1606,CUST00997,2025-05-21,upgrade,Pro,99
1607,CUST00998,2024-08-10,signup,Pro,99
1608,CUST00999,2024-10-19,signup,Pro,99
1609,CUST01000,2024-08-05,signup,Basic,29
1610,CUST01001,2023-08-17,signup,Pro,99
1611,CUST01001,2023-11-15,upgrade,Enterprise,499
1612,CUST01002,2024-06-16,signup,Enterprise,499
1613,CUST01003,2024-08-27,signup,Basic,29
1614,CUST01003,2025-02-23,upgrade,Pro,99
1615,CUST01003,2025-04-24,cancel,Pro,0
1616,CUST01004,2023-04-11,signup,Basic,29
1617,CUST01004,2024-11-01,cancel,Basic,0
1618,CUST01005,2024-03-20,signup,Enterprise,499
1619,CUST01006,2024-10-06,signup,Enterprise,499
1620,CUST01007,2025-01-17,signup,Pro,99
1621,CUST01007,2025-05-17,downgrade,Basic,29
1622,CUST01008,2025-06-25,signup,Pro,99
1623,CUST01009,2023-05-14,signup,Basic,29
1624,CUST01009,2023-11-10,cancel,Basic,0
1625,CUST01010,2023-06-14,signup,Pro,99
1626,CUST01010,2023-07-14,cancel,Pro,0
1627,CUST01011,2024-06-20,signup,Pro,99
1628,CUST01012,2023-01-11,signup,Enterprise,499
1629,CUST01012,2023-04-11,cancel,Enterprise,0
1630,CUST01013,2023-04-26,signup,Pro,99
1631,CUST01013,2024-07-19,upgrade,Enterprise,499
1632,CUST01014,2024-07-01,signup,Basic,29
1633,CUST01014,2024-10-29,cancel,Basic,0
1634,CUST01015,2023-06-15,signup,Enterprise,499
1635,CUST01016,2023-01-24,signup,Pro,99
1636,CUST01016,2024-03-19,cancel,Pro,0
1637,CUST01017,2024-07-07,signup,Basic,29
1638,CUST01017,2025-02-02,cancel,Basic,0
1639,CUST01018,2024-12-04,signup,Pro,99
1640,CUST01019,2024-04-12,signup,Enterprise,499
1641,CUST01019,2025-02-06,downgrade,Pro,99
1642,CUST01019,2025-04-07,cancel,Pro,0
1643,CUST01020,2024-09-11,signup,Pro,99
1644,CUST01021,2024-06-08,signup,Basic,29
1645,CUST01022,2024-11-03,signup,Enterprise,499
1646,CUST01023,2024-01-29,signup,Enterprise,499
1647,CUST01023,2025-01-23,cancel,Enterprise,0
1648,CUST01024,2024-10-20,signup,Pro,99
1649,CUST01025,2024-04-12,signup,Basic,29
1650,CUST01026,2023-05-17,signup,Enterprise,499
1651,CUST01027,2024-12-03,signup,Pro,99
1652,CUST01027,2025-04-02,cancel,Pro,0
1653,CUST01028,2024-10-23,signup,Basic,29
1654,CUST01028,2025-05-21,cancel,Basic,0
1655,CUST01029,2023-11-10,signup,Basic,29
1656,CUST01029,2024-01-09,upgrade,Pro,99
1657,CUST01030,2023-08-10,signup,Pro,99
1658,CUST01030,2024-03-07,upgrade,Enterprise,499
1659,CUST01030,2024-12-02,downgrade,Pro,99
1660,CUST01031,2023-03-03,signup,Pro,99
1661,CUST01031,2024-03-27,downgrade,Basic,29
1662,CUST01032,2024-08-25,signup,Pro,99
1663,CUST01032,2025-06-21,cancel,Pro,0
1664,CUST01033,2025-05-21,signup,Basic,29
1665,CUST01034,2023-08-24,signup,Pro,99
1666,CUST01034,2024-04-20,cancel,Pro,0
1667,CUST01035,2024-06-18,signup,Pro,99
1668,CUST01036,2024-03-09,signup,Pro,99
1669,CUST01036,2024-06-07,cancel,Pro,0
1670,CUST01037,2024-01-11,signup,Enterprise,499
1671,CUST01038,2025-01-26,signup,Basic,29
1672,CUST01039,2025-02-24,signup,Basic,29
1673,CUST01040,2023-09-24,signup,Basic,29
1674,CUST01040,2024-01-22,cancel,Basic,0
1675,CUST01041,2023-05-26,signup,Pro,99
1676,CUST01041,2023-11-22,upgrade,Enterprise,499
1677,CUST01042,2023-08-08,signup,Enterprise,499
1678,CUST01043,2024-02-07,signup,Enterprise,499
1679,CUST01043,2025-01-02,cancel,Enterprise,0
1680,CUST01044,2024-08-07,signup,Basic,29
1681,CUST01045,2024-06-15,signup,Pro,99
1682,CUST01045,2024-11-12,upgrade,Enterprise,499
1683,CUST01045,2025-01-11,downgrade,Pro,99
1684,CUST01045,2025-02-10,upgrade,Enterprise,499
1685,CUST01046,2024-04-21,signup,Basic,29
1686,CUST01046,2025-06-15,cancel,Basic,0
1687,CUST01047,2023-01-18,signup,Pro,99
1688,CUST01047,2024-09-09,downgrade,Basic,29
1689,CUST01047,2025-02-06,cancel,Basic,0
1690,CUST01048,2025-04-23,signup,Basic,29
1691,CUST01049,2024-05-26,signup,Pro,99
1692,CUST01050,2023-04-29,signup,Basic,29
1693,CUST01050,2023-05-29,cancel,Basic,0
1694,CUST01051,2024-09-24,signup,Pro,99
1695,CUST01052,2024-01-25,signup,Basic,29
1696,CUST01052,2024-09-21,cancel,Basic,0
1697,CUST01053,2023-01-24,signup,Pro,99
1698,CUST01053,2023-09-21,cancel,Pro,0
1699,CUST01054,2025-04-22,signup,Pro,99
1700,CUST01055,2025-01-23,signup,Pro,99
1701,CUST01056,2025-03-05,signup,Pro,99
1702,CUST01057,2024-07-06,signup,Pro,99
1703,CUST01057,2024-10-04,upgrade,Enterprise,499
1704,CUST01058,2023-03-03,signup,Pro,99
1705,CUST01058,2023-07-01,cancel,Pro,0
1706,CUST01059,2023-08-22,signup,Enterprise,499
1707,CUST01060,2023-12-23,signup,Basic,29
1708,CUST01060,2024-06-20,cancel,Basic,0
1709,CUST01061,2023-02-15,signup,Pro,99
1710,CUST01061,2024-02-10,upgrade,Enterprise,499
1711,CUST01061,2024-03-11,cancel,Enterprise,0
1712,CUST01062,2024-11-17,signup,Basic,29
1713,CUST01062,2025-02-15,upgrade,Pro,99
1714,CUST01063,2023-02-25,signup,Basic,29
1715,CUST01063,2023-12-22,cancel,Basic,0
1716,CUST01064,2024-03-21,signup,Basic,29
1717,CUST01065,2025-05-08,signup,Pro,99
1718,CUST01066,2023-03-07,signup,Pro,99
1719,CUST01066,2023-04-06,cancel,Pro,0
1720,CUST01067,2024-02-17,signup,Pro,99
1721,CUST01067,2024-06-16,upgrade,Enterprise,499
1722,CUST01068,2025-05-28,signup,Pro,99
1723,CUST01069,2024-12-25,signup,Basic,29
1724,CUST01069,2025-02-23,cancel,Basic,0
1725,CUST01070,2024-08-26,signup,Enterprise,499
1726,CUST01071,2025-02-06,signup,Basic,29
1727,CUST01072,2024-08-07,signup,Basic,29
1728,CUST01073,2023-03-10,signup,Pro,99
1729,CUST01073,2023-08-07,upgrade,Enterprise,499
1730,CUST01074,2023-01-23,signup,Basic,29
1731,CUST01074,2024-09-14,cancel,Basic,0
1732,CUST01075,2023-06-26,signup,Basic,29
1733,CUST01076,2025-05-18,signup,Pro,99
1734,CUST01077,2024-12-31,signup,Pro,99
1735,CUST01077,2025-03-31,upgrade,Enterprise,499
1736,CUST01078,2023-10-18,signup,Pro,99
1737,CUST01078,2025-06-09,cancel,Pro,0
1738,CUST01079,2024-04-08,signup,Basic,29
1739,CUST01080,2024-07-01,signup,Pro,99
1740,CUST01080,2025-05-27,downgrade,Basic,29
1741,CUST01081,2023-04-26,signup,Pro,99
1742,CUST01081,2024-03-21,cancel,Pro,0
1743,CUST01082,2023-11-25,signup,Basic,29
1744,CUST01082,2023-12-25,cancel,Basic,0
1745,CUST01083,2023-06-19,signup,Enterprise,499
1746,CUST01084,2025-06-06,signup,Basic,29
1747,CUST01085,2023-03-23,signup,Pro,99
1748,CUST01086,2024-11-26,signup,Pro,99
1749,CUST01086,2025-03-26,upgrade,Enterprise,499
1750,CUST01087,2025-01-15,signup,Pro,99
1751,CUST01088,2023-05-09,signup,Pro,99
1752,CUST01088,2023-06-08,downgrade,Basic,29
1753,CUST01088,2023-08-07,cancel,Basic,0
1754,CUST01089,2024-08-31,signup,Enterprise,499
1755,CUST01090,2024-03-21,signup,Basic,29
1756,CUST01090,2024-05-20,cancel,Basic,0
1757,CUST01091,2023-11-19,signup,Pro,99
1758,CUST01091,2024-01-18,cancel,Pro,0
1759,CUST01092,2023-11-12,signup,Pro,99
1760,CUST01092,2024-01-11,cancel,Pro,0
1761,CUST01093,2023-05-14,signup,Pro,99
1762,CUST01093,2023-12-10,upgrade,Enterprise,499
1763,CUST01094,2025-02-21,signup,Basic,29
1764,CUST01095,2025-05-22,signup,Enterprise,499
1765,CUST01096,2023-03-03,signup,Enterprise,499
1766,CUST01096,2024-03-27,cancel,Enterprise,0
1767,CUST01097,2025-04-01,signup,Pro,99
1768,CUST01098,2023-05-31,signup,Pro,99
1769,CUST01099,2023-02-02,signup,Basic,29
1770,CUST01099,2023-08-01,upgrade,Pro,99
1771,CUST01100,2024-07-05,signup,Basic,29
1772,CUST01100,2024-09-03,cancel,Basic,0
1773,CUST01101,2024-07-09,signup,Pro,99
1774,CUST01102,2023-10-01,signup,Pro,99
1775,CUST01102,2023-10-31,cancel,Pro,0
1776,CUST01103,2025-01-28,signup,Pro,99
1777,CUST01104,2023-06-26,signup,Basic,29
1778,CUST01104,2024-01-22,upgrade,Pro,99
1779,CUST01104,2024-06-20,cancel,Pro,0
1780,CUST01105,2025-03-30,signup,Basic,29
1781,CUST01106,2024-11-07,signup,Basic,29
1782,CUST01107,2023-03-04,signup,Enterprise,499
1783,CUST01107,2023-09-30,downgrade,Pro,99
1784,CUST01108,2025-06-21,signup,Enterprise,499
1785,CUST01109,2023-02-20,signup,Pro,99
1786,CUST01109,2023-05-21,cancel,Pro,0
1787,CUST01110,2023-08-24,signup,Basic,29
1788,CUST01110,2024-08-18,cancel,Basic,0
1789,CUST01111,2023-07-13,signup,Pro,99
1790,CUST01111,2024-03-09,upgrade,Enterprise,499
1791,CUST01112,2025-05-05,signup,Pro,99
1792,CUST01113,2025-01-30,signup,Basic,29
1793,CUST01113,2025-03-31,cancel,Basic,0
1794,CUST01114,2024-11-15,signup,Basic,29
1795,CUST01115,2023-10-16,signup,Basic,29
1796,CUST01115,2024-05-13,cancel,Basic,0
1797,CUST01116,2025-03-02,signup,Basic,29
1798,CUST01117,2024-09-28,signup,Basic,29
1799,CUST01118,2025-03-11,signup,Basic,29
1800,CUST01119,2024-08-06,signup,Basic,29
1801,CUST01119,2024-09-05,upgrade,Pro,99
1802,CUST01120,2023-07-11,signup,Basic,29
1803,CUST01120,2025-01-01,upgrade,Pro,99
1804,CUST01121,2024-03-22,signup,Basic,29
1805,CUST01122,2023-11-23,signup,Basic,29
1806,CUST01122,2024-05-21,cancel,Basic,0
1807,CUST01123,2025-01-21,signup,Pro,99
1808,CUST01124,2023-05-20,signup,Enterprise,499
1809,CUST01124,2023-11-16,cancel,Enterprise,0
1810,CUST01125,2023-04-02,signup,Enterprise,499
1811,CUST01126,2023-03-24,signup,Basic,29
1812,CUST01126,2023-04-23,cancel,Basic,0
1813,CUST01127,2024-08-06,signup,Basic,29
1814,CUST01127,2024-11-04,cancel,Basic,0
1815,CUST01128,2024-05-10,signup,Enterprise,499
1816,CUST01129,2023-12-19,signup,Pro,99
1817,CUST01129,2024-10-14,upgrade,Enterprise,499
1818,CUST01130,2023-08-16,signup,Pro,99
1819,CUST01130,2024-10-09,cancel,Pro,0
1820,CUST01131,2024-03-15,signup,Pro,99
1821,CUST01131,2025-06-08,upgrade,Enterprise,499
1822,CUST01132,2023-12-09,signup,Enterprise,499
1823,CUST01133,2024-09-06,signup,Pro,99
1824,CUST01134,2024-02-03,signup,Basic,29
1825,CUST01135,2023-01-11,signup,Pro,99
1826,CUST01135,2024-02-05,cancel,Pro,0
1827,CUST01136,2023-10-17,signup,Basic,29
1828,CUST01136,2024-07-13,cancel,Basic,0
1829,CUST01137,2023-08-25,signup,Basic,29
1830,CUST01137,2024-07-20,cancel,Basic,0
1831,CUST01138,2023-08-08,signup,Basic,29
1832,CUST01138,2023-09-07,upgrade,Pro,99
1833,CUST01138,2025-02-28,downgrade,Basic,29
1834,CUST01139,2024-02-12,signup,Enterprise,499
1835,CUST01139,2024-07-11,downgrade,Pro,99
1836,CUST01140,2024-01-19,signup,Basic,29
1837,CUST01140,2024-09-15,cancel,Basic,0
1838,CUST01141,2023-11-17,signup,Pro,99
1839,CUST01141,2024-10-12,downgrade,Basic,29
1840,CUST01141,2024-11-11,cancel,Basic,0
1841,CUST01142,2025-03-17,signup,Pro,99
1842,CUST01142,2025-05-16,upgrade,Enterprise,499
1843,CUST01143,2024-10-14,signup,Pro,99
1844,CUST01143,2024-12-13,cancel,Pro,0
1845,CUST01144,2023-04-01,signup,Pro,99
1846,CUST01144,2024-10-22,cancel,Pro,0
1847,CUST01145,2025-05-13,signup,Enterprise,499
1848,CUST01146,2023-05-25,signup,Basic,29
1849,CUST01146,2023-08-23,cancel,Basic,0
1850,CUST01147,2024-09-02,signup,Pro,99
1851,CUST01147,2024-12-31,cancel,Pro,0
1852,CUST01148,2023-07-13,signup,Pro,99
1853,CUST01149,2023-04-07,signup,Pro,99
1854,CUST01149,2025-01-26,cancel,Pro,0
1855,CUST01150,2024-09-21,signup,Pro,99
1856,CUST01150,2024-12-20,downgrade,Basic,29
1857,CUST01151,2025-05-30,signup,Basic,29
1858,CUST01152,2024-12-28,signup,Basic,29
1859,CUST01153,2023-06-02,signup,Pro,99
1860,CUST01153,2024-07-26,cancel,Pro,0
1861,CUST01154,2025-04-24,signup,Pro,99
1862,CUST01155,2024-08-21,signup,Basic,29
1863,CUST01155,2025-04-18,upgrade,Pro,99
1864,CUST01156,2023-06-12,signup,Enterprise,499
1865,CUST01157,2023-06-06,signup,Basic,29
1866,CUST01157,2023-07-06,upgrade,Pro,99
1867,CUST01157,2023-12-03,upgrade,Enterprise,499
1868,CUST01158,2025-03-15,signup,Pro,99
1869,CUST01159,2024-11-20,signup,Enterprise,499
1870,CUST01159,2025-01-19,downgrade,Pro,99
1871,CUST01160,2024-09-29,signup,Basic,29
1872,CUST01161,2025-01-07,signup,Enterprise,499
1873,CUST01162,2023-09-04,signup,Pro,99
1874,CUST01163,2024-01-15,signup,Enterprise,499
1875,CUST01164,2024-09-02,signup,Pro,99
1876,CUST01165,2023-05-02,signup,Pro,99
1877,CUST01165,2023-06-01,upgrade,Enterprise,499
1878,CUST01166,2023-06-21,signup,Basic,29
1879,CUST01167,2025-04-20,signup,Enterprise,499
1880,CUST01168,2023-11-28,signup,Basic,29
1881,CUST01168,2024-02-26,cancel,Basic,0
1882,CUST01169,2025-02-20,signup,Basic,29
1883,CUST01169,2025-04-21,upgrade,Pro,99
1884,CUST01170,2024-10-26,signup,Pro,99
1885,CUST01171,2024-03-11,signup,Pro,99
1886,CUST01171,2024-12-06,upgrade,Enterprise,499
1887,CUST01172,2025-01-08,signup,Pro,99
1888,CUST01173,2025-05-30,signup,Basic,29
1889,CUST01174,2024-03-29,signup,Enterprise,499
1890,CUST01174,2024-05-28,cancel,Enterprise,0
1891,CUST01175,2024-01-08,signup,Enterprise,499
1892,CUST01176,2025-05-24,signup,Basic,29
1893,CUST01177,2023-04-13,signup,Enterprise,499
1894,CUST01178,2024-10-11,signup,Pro,99
1895,CUST01179,2023-12-29,signup,Pro,99
1896,CUST01179,2024-04-27,upgrade,Enterprise,499
1897,CUST01179,2025-06-21,cancel,Enterprise,0
1898,CUST01180,2024-11-16,signup,Enterprise,499
1899,CUST01180,2025-02-14,cancel,Enterprise,0
1900,CUST01181,2024-11-06,signup,Basic,29
1901,CUST01181,2024-12-06,cancel,Basic,0
1902,CUST01182,2025-03-14,signup,Basic,29
1903,CUST01182,2025-06-12,upgrade,Pro,99
1904,CUST01183,2025-01-18,signup,Basic,29
1905,CUST01184,2023-10-02,signup,Enterprise,499
1906,CUST01185,2023-05-20,signup,Basic,29
1907,CUST01185,2024-08-12,upgrade,Pro,99
1908,CUST01185,2025-02-08,cancel,Pro,0
1909,CUST01186,2024-06-27,signup,Basic,29
1910,CUST01187,2024-11-19,signup,Pro,99
1911,CUST01187,2025-01-18,upgrade,Enterprise,499
1912,CUST01188,2024-01-23,signup,Basic,29
1913,CUST01188,2024-04-22,cancel,Basic,0
1914,CUST01189,2024-04-20,signup,Basic,29
1915,CUST01189,2025-06-14,cancel,Basic,0
1916,CUST01190,2023-09-08,signup,Pro,99
1917,CUST01190,2024-11-01,upgrade,Enterprise,499
1918,CUST01190,2025-01-30,cancel,Enterprise,0
1919,CUST01191,2024-01-12,signup,Basic,29
1920,CUST01191,2024-05-11,upgrade,Pro,99
1921,CUST01192,2023-10-27,signup,Basic,29
1922,CUST01192,2025-02-18,cancel,Basic,0
1923,CUST01193,2025-02-16,signup,Pro,99
1924,CUST01194,2025-01-10,signup,Enterprise,499
1925,CUST01195,2023-04-13,signup,Basic,29
1926,CUST01195,2023-06-12,upgrade,Pro,99
1927,CUST01195,2024-09-04,cancel,Pro,0
1928,CUST01196,2023-01-11,signup,Basic,29
1929,CUST01196,2023-03-12,upgrade,Pro,99
1930,CUST01196,2023-06-10,upgrade,Enterprise,499
1931,CUST01196,2024-11-01,cancel,Enterprise,0
1932,CUST01197,2024-09-16,signup,Pro,99
1933,CUST01198,2025-01-28,signup,Pro,99
1934,CUST01199,2024-11-10,signup,Pro,99
1935,CUST01199,2025-04-09,cancel,Pro,0
1936,CUST01200,2024-10-28,signup,Basic,29
1937,CUST01200,2025-01-26,cancel,Basic,0
1938,CUST01201,2023-04-02,signup,Enterprise,499
1939,CUST01202,2024-02-15,signup,Basic,29
1940,CUST01202,2024-07-14,upgrade,Pro,99
1941,CUST01202,2025-01-10,cancel,Pro,0
1942,CUST01203,2025-05-26,signup,Pro,99
1943,CUST01204,2023-11-19,signup,Basic,29
1944,CUST01204,2024-01-18,cancel,Basic,0
1945,CUST01205,2025-01-22,signup,Enterprise,499
1946,CUST01206,2023-05-11,signup,Pro,99
1947,CUST01206,2023-09-08,cancel,Pro,0
1948,CUST01207,2024-04-10,signup,Enterprise,499
1949,CUST01208,2024-02-28,signup,Pro,99
1950,CUST01208,2024-04-28,upgrade,Enterprise,499
1951,CUST01209,2024-12-05,signup,Basic,29
1952,CUST01210,2024-04-07,signup,Enterprise,499
1953,CUST01211,2023-03-17,signup,Pro,99
1954,CUST01211,2025-01-05,cancel,Pro,0
1955,CUST01212,2025-05-27,signup,Basic,29
1956,CUST01213,2024-01-27,signup,Basic,29
1957,CUST01213,2024-02-26,cancel,Basic,0
1958,CUST01214,2023-10-29,signup,Enterprise,499
1959,CUST01215,2024-02-11,signup,Basic,29
1960,CUST01215,2024-12-07,cancel,Basic,0
1961,CUST01216,2023-05-18,signup,Pro,99
1962,CUST01216,2025-03-08,upgrade,Enterprise,499
1963,CUST01217,2024-06-10,signup,Pro,99
1964,CUST01217,2024-11-07,upgrade,Enterprise,499
1965,CUST01218,2025-05-20,signup,Pro,99
1966,CUST01219,2023-10-31,signup,Pro,99
1967,CUST01219,2024-05-28,cancel,Pro,0
1968,CUST01220,2025-02-20,signup,Basic,29
1969,CUST01220,2025-03-22,cancel,Basic,0
1970,CUST01221,2025-02-07,signup,Basic,29
1971,CUST01222,2024-10-15,signup,Basic,29
1972,CUST01223,2024-03-21,signup,Basic,29
1973,CUST01223,2024-08-18,upgrade,Pro,99
1974,CUST01223,2024-11-16,downgrade,Basic,29
1975,CUST01224,2025-06-20,signup,Enterprise,499
1976,CUST01225,2024-04-02,signup,Pro,99
1977,CUST01225,2024-12-28,downgrade,Basic,29
1978,CUST01225,2025-03-28,cancel,Basic,0
1979,CUST01226,2024-12-24,signup,Pro,99
1980,CUST01227,2023-02-17,signup,Basic,29
1981,CUST01227,2023-05-18,cancel,Basic,0
1982,CUST01228,2023-06-25,signup,Pro,99
1983,CUST01229,2024-02-17,signup,Basic,29
1984,CUST01229,2024-05-17,cancel,Basic,0
1985,CUST01230,2023-03-18,signup,Pro,99
1986,CUST01230,2024-12-07,upgrade,Enterprise,499
1987,CUST01231,2024-06-19,signup,Pro,99
1988,CUST01232,2023-11-03,signup,Pro,99
1989,CUST01232,2024-10-28,downgrade,Basic,29
1990,CUST01233,2024-11-18,signup,Pro,99
1991,CUST01233,2025-03-18,cancel,Pro,0
1992,CUST01234,2023-10-02,signup,Basic,29
1993,CUST01234,2023-12-31,upgrade,Pro,99
1994,CUST01235,2023-04-26,signup,Pro,99
1995,CUST01236,2023-03-04,signup,Basic,29
1996,CUST01236,2024-11-23,cancel,Basic,0
1997,CUST01237,2023-01-14,signup,Basic,29
1998,CUST01237,2024-09-05,cancel,Basic,0
1999,CUST01238,2025-02-18,signup,Basic,29
2000,CUST01239,2023-02-01,signup,Pro,99
2001,CUST01239,2023-09-29,upgrade,Enterprise,499
2002,CUST01239,2024-06-25,downgrade,Pro,99
2003,CUST01240,2024-09-15,signup,Pro,99
2004,CUST01240,2024-12-14,cancel,Pro,0
2005,CUST01241,2024-05-25,signup,Enterprise,499
2006,CUST01241,2025-03-21,cancel,Enterprise,0
2007,CUST01242,2025-04-30,signup,Basic,29
2008,CUST01243,2024-09-02,signup,Pro,99
2009,CUST01244,2025-01-19,signup,Basic,29
2010,CUST01245,2025-05-11,signup,Pro,99
2011,CUST01246,2024-05-29,signup,Basic,29
2012,CUST01246,2024-06-28,cancel,Basic,0
2013,CUST01247,2023-02-23,signup,Pro,99
2014,CUST01248,2023-08-11,signup,Pro,99
2015,CUST01248,2024-02-07,upgrade,Enterprise,499
2016,CUST01248,2024-11-03,cancel,Enterprise,0
2017,CUST01249,2025-04-27,signup,Basic,29
2018,CUST01250,2023-11-10,signup,Pro,99
2019,CUST01251,2023-11-14,signup,Basic,29
2020,CUST01251,2024-10-09,cancel,Basic,0
2021,CUST01252,2024-06-29,signup,Basic,29
2022,CUST01253,2023-10-11,signup,Basic,29
2023,CUST01253,2025-04-03,cancel,Basic,0
2024,CUST01254,2023-05-27,signup,Pro,99
2025,CUST01254,2024-05-21,cancel,Pro,0
2026,CUST01255,2024-06-25,signup,Enterprise,499
2027,CUST01256,2024-05-29,signup,Basic,29
2028,CUST01256,2024-10-26,cancel,Basic,0
2029,CUST01257,2025-01-25,signup,Enterprise,499
2030,CUST01258,2024-01-15,signup,Pro,99
2031,CUST01258,2025-05-09,cancel,Pro,0
2032,CUST01259,2025-02-01,signup,Pro,99
2033,CUST01259,2025-03-03,cancel,Pro,0
2034,CUST01260,2025-05-28,signup,Enterprise,499
2035,CUST01261,2025-06-05,signup,Pro,99
2036,CUST01262,2024-08-10,signup,Pro,99
2037,CUST01262,2024-11-08,upgrade,Enterprise,499
2038,CUST01263,2024-06-27,signup,Basic,29
2039,CUST01263,2024-07-27,upgrade,Pro,99
2040,CUST01264,2024-03-16,signup,Pro,99
2041,CUST01264,2025-05-10,upgrade,Enterprise,499
2042,CUST01265,2024-04-27,signup,Pro,99
2043,CUST01266,2024-09-30,signup,Pro,99
2044,CUST01266,2025-04-28,upgrade,Enterprise,499
2045,CUST01267,2024-07-13,signup,Basic,29
2046,CUST01268,2024-08-29,signup,Basic,29
2047,CUST01268,2024-10-28,cancel,Basic,0
2048,CUST01269,2024-05-22,signup,Enterprise,499
2049,CUST01269,2024-09-19,cancel,Enterprise,0
2050,CUST01270,2023-06-27,signup,Pro,99
2051,CUST01271,2025-01-08,signup,Basic,29
2052,CUST01272,2024-04-26,signup,Enterprise,499
2053,CUST01272,2024-09-23,cancel,Enterprise,0
2054,CUST01273,2023-09-15,signup,Pro,99
2055,CUST01273,2024-04-12,cancel,Pro,0
2056,CUST01274,2024-07-12,signup,Basic,29
2057,CUST01274,2024-10-10,cancel,Basic,0
2058,CUST01275,2025-05-17,signup,Enterprise,499
2059,CUST01276,2024-10-30,signup,Basic,29
2060,CUST01276,2024-11-29,upgrade,Pro,99
2061,CUST01276,2024-12-29,downgrade,Basic,29
2062,CUST01277,2024-01-16,signup,Basic,29
2063,CUST01277,2024-02-15,cancel,Basic,0
2064,CUST01278,2024-05-09,signup,Pro,99
2065,CUST01278,2024-09-06,cancel,Pro,0
2066,CUST01279,2025-01-17,signup,Pro,99
2067,CUST01280,2025-03-23,signup,Basic,29
2068,CUST01281,2023-04-21,signup,Basic,29
2069,CUST01281,2024-04-15,cancel,Basic,0
2070,CUST01282,2024-08-31,signup,Pro,99
2071,CUST01282,2024-10-30,upgrade,Enterprise,499
2072,CUST01283,2024-05-21,signup,Pro,99
2073,CUST01283,2024-06-20,cancel,Pro,0
2074,CUST01284,2024-04-17,signup,Basic,29
2075,CUST01284,2025-01-12,upgrade,Pro,99
2076,CUST01285,2025-03-03,signup,Basic,29
2077,CUST01286,2023-03-12,signup,Basic,29
2078,CUST01286,2024-11-01,cancel,Basic,0
2079,CUST01287,2023-10-06,signup,Pro,99
2080,CUST01287,2024-01-04,cancel,Pro,0
2081,CUST01288,2024-11-21,signup,Pro,99
2082,CUST01289,2024-11-24,signup,Enterprise,499
2083,CUST01290,2025-05-11,signup,Pro,99
2084,CUST01291,2024-12-20,signup,Pro,99
2085,CUST01292,2023-08-08,signup,Enterprise,499
2086,CUST01293,2025-01-17,signup,Pro,99
2087,CUST01294,2024-05-31,signup,Pro,99
2088,CUST01295,2025-06-18,signup,Basic,29
2089,CUST01296,2023-09-12,signup,Enterprise,499
2090,CUST01296,2023-12-11,cancel,Enterprise,0
2091,CUST01297,2024-06-12,signup,Pro,99
2092,CUST01297,2024-10-10,cancel,Pro,0
2093,CUST01298,2024-01-29,signup,Basic,29
2094,CUST01299,2024-03-11,signup,Basic,29
2095,CUST01299,2024-04-10,cancel,Basic,0
2096,CUST01300,2024-09-03,signup,Enterprise,499
2097,CUST01301,2024-09-10,signup,Basic,29
2098,CUST01301,2025-02-07,cancel,Basic,0
2099,CUST01302,2024-10-13,signup,Basic,29
2100,CUST01303,2023-10-18,signup,Enterprise,499
2101,CUST01303,2025-04-10,cancel,Enterprise,0
2102,CUST01304,2024-02-05,signup,Basic,29
2103,CUST01304,2025-03-01,cancel,Basic,0
2104,CUST01305,2023-03-31,signup,Pro,99
2105,CUST01305,2024-01-25,cancel,Pro,0
2106,CUST01306,2024-02-12,signup,Basic,29
2107,CUST01306,2024-06-11,cancel,Basic,0
2108,CUST01307,2023-05-11,signup,Basic,29
2109,CUST01307,2024-02-05,upgrade,Pro,99
2110,CUST01307,2024-04-05,cancel,Pro,0
2111,CUST01308,2023-09-28,signup,Basic,29
2112,CUST01308,2025-04-20,cancel,Basic,0
2113,CUST01309,2024-09-28,signup,Basic,29
2114,CUST01310,2024-07-01,signup,Enterprise,499
2115,CUST01310,2024-12-28,cancel,Enterprise,0
2116,CUST01311,2025-03-12,signup,Basic,29
2117,CUST01312,2024-03-28,signup,Pro,99
2118,CUST01312,2024-10-24,cancel,Pro,0
2119,CUST01313,2023-11-07,signup,Basic,29
2120,CUST01313,2024-04-05,cancel,Basic,0
2121,CUST01314,2025-01-13,signup,Pro,99
2122,CUST01315,2024-09-11,signup,Basic,29
2123,CUST01315,2024-11-10,cancel,Basic,0
2124,CUST01316,2024-02-14,signup,Basic,29
2125,CUST01316,2024-11-10,cancel,Basic,0
2126,CUST01317,2024-11-15,signup,Basic,29
2127,CUST01318,2025-03-31,signup,Basic,29
2128,CUST01318,2025-05-30,cancel,Basic,0
2129,CUST01319,2025-05-17,signup,Basic,29
2130,CUST01320,2025-06-18,signup,Pro,99
2131,CUST01321,2025-04-01,signup,Basic,29
2132,CUST01322,2024-06-24,signup,Pro,99
2133,CUST01322,2025-01-20,downgrade,Basic,29
2134,CUST01323,2023-02-20,signup,Basic,29
2135,CUST01323,2024-12-11,cancel,Basic,0
2136,CUST01324,2024-06-03,signup,Pro,99
2137,CUST01325,2024-06-25,signup,Pro,99
2138,CUST01325,2024-10-23,cancel,Pro,0
2139,CUST01326,2023-08-21,signup,Pro,99
2140,CUST01326,2025-01-12,upgrade,Enterprise,499
2141,CUST01327,2023-10-21,signup,Pro,99
2142,CUST01327,2024-02-18,cancel,Pro,0
2143,CUST01328,2023-06-23,signup,Pro,99
2144,CUST01329,2023-04-02,signup,Enterprise,499
2145,CUST01329,2023-07-01,cancel,Enterprise,0
2146,CUST01330,2023-01-10,signup,Pro,99
2147,CUST01330,2024-03-05,cancel,Pro,0
2148,CUST01331,2025-01-26,signup,Basic,29
2149,CUST01331,2025-06-25,upgrade,Pro,99
2150,CUST01332,2024-05-02,signup,Pro,99
2151,CUST01332,2025-02-26,cancel,Pro,0
2152,CUST01333,2023-01-18,signup,Enterprise,499
2153,CUST01334,2024-09-04,signup,Basic,29
2154,CUST01334,2025-06-01,cancel,Basic,0
2155,CUST01335,2023-03-08,signup,Basic,29
2156,CUST01335,2024-05-01,cancel,Basic,0
2157,CUST01336,2025-05-10,signup,Pro,99
2158,CUST01337,2023-02-21,signup,Basic,29
2159,CUST01338,2024-05-01,signup,Basic,29
2160,CUST01338,2024-11-27,cancel,Basic,0
2161,CUST01339,2025-03-07,signup,Pro,99
2162,CUST01340,2024-04-30,signup,Basic,29
2163,CUST01340,2025-01-25,cancel,Basic,0
2164,CUST01341,2024-04-30,signup,Enterprise,499
2165,CUST01342,2023-07-04,signup,Pro,99
2166,CUST01342,2024-05-29,downgrade,Basic,29
2167,CUST01342,2024-09-26,cancel,Basic,0
2168,CUST01343,2024-02-18,signup,Basic,29
2169,CUST01343,2024-05-18,cancel,Basic,0
2170,CUST01344,2023-07-03,signup,Enterprise,499
2171,CUST01344,2023-09-01,cancel,Enterprise,0
2172,CUST01345,2025-06-30,signup,Pro,99
2173,CUST01346,2023-03-04,signup,Basic,29
2174,CUST01346,2024-10-24,cancel,Basic,0
2175,CUST01347,2025-04-07,signup,Pro,99
2176,CUST01348,2023-01-06,signup,Pro,99
2177,CUST01348,2023-04-06,downgrade,Basic,29
2178,CUST01348,2024-10-27,cancel,Basic,0
2179,CUST01349,2025-03-01,signup,Basic,29
2180,CUST01350,2024-08-25,signup,Pro,99
2181,CUST01350,2024-09-24,cancel,Pro,0
2182,CUST01351,2025-01-10,signup,Enterprise,499
2183,CUST01352,2023-06-23,signup,Pro,99
2184,CUST01352,2023-10-21,upgrade,Enterprise,499
2185,CUST01353,2024-01-19,signup,Pro,99
2186,CUST01354,2023-06-16,signup,Pro,99
2187,CUST01354,2023-08-15,cancel,Pro,0
2188,CUST01355,2024-07-04,signup,Pro,99
2189,CUST01356,2024-09-07,signup,Pro,99
2190,CUST01356,2025-05-05,cancel,Pro,0
2191,CUST01357,2025-06-06,signup,Basic,29
2192,CUST01358,2025-03-26,signup,Basic,29
2193,CUST01359,2025-01-09,signup,Enterprise,499
2194,CUST01360,2024-01-28,signup,Enterprise,499
2195,CUST01361,2023-11-22,signup,Pro,99
2196,CUST01362,2025-03-28,signup,Pro,99
2197,CUST01363,2024-05-09,signup,Basic,29
2198,CUST01363,2025-03-05,cancel,Basic,0
2199,CUST01364,2024-03-19,signup,Enterprise,499
2200,CUST01365,2024-11-05,signup,Basic,29
2201,CUST01366,2023-06-26,signup,Pro,99
2202,CUST01366,2024-07-20,cancel,Pro,0
2203,CUST01367,2025-03-22,signup,Pro,99
2204,CUST01368,2024-09-12,signup,Basic,29
2205,CUST01369,2023-07-18,signup,Basic,29
2206,CUST01369,2023-08-17,cancel,Basic,0
2207,CUST01370,2023-08-26,signup,Pro,99
2208,CUST01370,2024-07-21,cancel,Pro,0
2209,CUST01371,2023-02-17,signup,Basic,29
2210,CUST01371,2023-04-18,cancel,Basic,0
2211,CUST01372,2024-02-14,signup,Basic,29
2212,CUST01372,2024-04-14,cancel,Basic,0
2213,CUST01373,2024-02-05,signup,Pro,99
2214,CUST01373,2024-03-06,cancel,Pro,0
2215,CUST01374,2024-08-09,signup,Basic,29
2216,CUST01374,2024-09-08,cancel,Basic,0
2217,CUST01375,2025-04-25,signup,Basic,29
2218,CUST01376,2023-04-28,signup,Enterprise,499
2219,CUST01377,2025-04-08,signup,Basic,29
2220,CUST01377,2025-06-07,cancel,Basic,0
2221,CUST01378,2024-05-21,signup,Basic,29
2222,CUST01378,2024-12-17,upgrade,Pro,99
2223,CUST01379,2024-02-03,signup,Pro,99
2224,CUST01379,2024-10-30,cancel,Pro,0
2225,CUST01380,2025-01-21,signup,Basic,29
2226,CUST01381,2025-01-29,signup,Basic,29
2227,CUST01381,2025-06-28,cancel,Basic,0
2228,CUST01382,2025-03-10,signup,Basic,29
2229,CUST01382,2025-04-09,cancel,Basic,0
2230,CUST01383,2024-10-12,signup,Basic,29
2231,CUST01384,2023-09-20,signup,Basic,29
2232,CUST01384,2025-06-11,cancel,Basic,0
2233,CUST01385,2024-04-10,signup,Pro,99
2234,CUST01385,2024-10-07,cancel,Pro,0
2235,CUST01386,2024-12-23,signup,Basic,29
2236,CUST01386,2025-02-21,cancel,Basic,0
2237,CUST01387,2024-05-09,signup,Basic,29
2238,CUST01387,2024-10-06,upgrade,Pro,99
2239,CUST01387,2025-06-03,cancel,Pro,0
2240,CUST01388,2024-06-08,signup,Pro,99
2241,CUST01389,2025-05-18,signup,Basic,29
2242,CUST01390,2025-05-14,signup,Basic,29
2243,CUST01391,2023-03-02,signup,Enterprise,499
2244,CUST01391,2024-04-25,cancel,Enterprise,0
2245,CUST01392,2024-08-17,signup,Pro,99
2246,CUST01392,2024-09-16,upgrade,Enterprise,499
2247,CUST01393,2025-04-03,signup,Pro,99
2248,CUST01394,2023-11-12,signup,Basic,29
2249,CUST01394,2023-12-12,cancel,Basic,0
2250,CUST01395,2025-01-05,signup,Pro,99
2251,CUST01396,2024-10-17,signup,Basic,29
2252,CUST01396,2025-01-15,cancel,Basic,0
2253,CUST01397,2024-01-25,signup,Basic,29
2254,CUST01397,2024-03-25,cancel,Basic,0
2255,CUST01398,2023-09-22,signup,Pro,99
2256,CUST01398,2025-01-14,cancel,Pro,0
2257,CUST01399,2024-10-11,signup,Pro,99
2258,CUST01400,2023-09-16,signup,Pro,99
2259,CUST01400,2024-01-14,cancel,Pro,0
2260,CUST01401,2023-04-28,signup,Enterprise,499
2261,CUST01401,2023-06-27,downgrade,Pro,99
2262,CUST01401,2025-03-18,cancel,Pro,0
2263,CUST01402,2023-05-31,signup,Enterprise,499
2264,CUST01402,2023-11-27,cancel,Enterprise,0
2265,CUST01403,2024-08-29,signup,Enterprise,499
2266,CUST01404,2024-10-12,signup,Pro,99
2267,CUST01405,2023-03-25,signup,Pro,99
2268,CUST01405,2024-03-19,cancel,Pro,0
2269,CUST01406,2024-08-06,signup,Enterprise,499
2270,CUST01406,2024-12-04,cancel,Enterprise,0
2271,CUST01407,2025-02-11,signup,Basic,29
2272,CUST01408,2023-09-19,signup,Basic,29
2273,CUST01408,2024-01-17,cancel,Basic,0
2274,CUST01409,2023-09-06,signup,Pro,99
2275,CUST01410,2025-04-16,signup,Enterprise,499
2276,CUST01411,2023-09-20,signup,Basic,29
2277,CUST01412,2024-09-17,signup,Enterprise,499
2278,CUST01413,2024-09-09,signup,Pro,99
2279,CUST01413,2024-12-08,cancel,Pro,0
2280,CUST01414,2023-01-05,signup,Basic,29
2281,CUST01414,2023-07-04,upgrade,Pro,99
2282,CUST01415,2023-05-19,signup,Basic,29
2283,CUST01415,2023-07-18,cancel,Basic,0
2284,CUST01416,2023-07-07,signup,Basic,29
2285,CUST01416,2025-01-27,cancel,Basic,0
2286,CUST01417,2024-04-30,signup,Pro,99
2287,CUST01418,2023-11-11,signup,Basic,29
2288,CUST01418,2024-06-08,cancel,Basic,0
2289,CUST01419,2024-05-16,signup,Basic,29
2290,CUST01419,2024-06-15,upgrade,Pro,99
2291,CUST01419,2024-11-12,upgrade,Enterprise,499
2292,CUST01420,2023-07-18,signup,Basic,29
2293,CUST01420,2024-04-13,cancel,Basic,0
2294,CUST01421,2025-03-04,signup,Enterprise,499
2295,CUST01422,2025-03-07,signup,Basic,29
2296,CUST01423,2024-01-01,signup,Enterprise,499
2297,CUST01424,2025-03-30,signup,Pro,99
2298,CUST01425,2025-04-20,signup,Basic,29
2299,CUST01426,2025-01-04,signup,Pro,99
2300,CUST01427,2023-06-03,signup,Basic,29
2301,CUST01427,2024-09-25,cancel,Basic,0
2302,CUST01428,2024-02-06,signup,Pro,99
2303,CUST01428,2025-03-02,cancel,Pro,0
2304,CUST01429,2025-02-19,signup,Basic,29
2305,CUST01429,2025-06-19,cancel,Basic,0
2306,CUST01430,2023-06-22,signup,Basic,29
2307,CUST01430,2025-05-12,cancel,Basic,0
2308,CUST01431,2023-05-31,signup,Pro,99
2309,CUST01431,2023-06-30,cancel,Pro,0
2310,CUST01432,2024-01-08,signup,Pro,99
2311,CUST01432,2024-09-04,cancel,Pro,0
2312,CUST01433,2024-02-04,signup,Pro,99
2313,CUST01433,2025-01-29,cancel,Pro,0
2314,CUST01434,2023-05-22,signup,Basic,29
2315,CUST01434,2024-04-16,cancel,Basic,0
2316,CUST01435,2024-02-10,signup,Pro,99
2317,CUST01435,2024-08-08,cancel,Pro,0
2318,CUST01436,2023-01-12,signup,Pro,99
2319,CUST01436,2023-02-11,downgrade,Basic,29
2320,CUST01436,2024-08-04,cancel,Basic,0
2321,CUST01437,2025-01-03,signup,Pro,99
2322,CUST01438,2025-04-10,signup,Enterprise,499
2323,CUST01439,2024-09-11,signup,Basic,29
2324,CUST01439,2024-10-11,cancel,Basic,0
2325,CUST01440,2024-07-24,signup,Pro,99
2326,CUST01441,2024-01-15,signup,Basic,29
2327,CUST01441,2024-10-11,cancel,Basic,0
2328,CUST01442,2023-01-11,signup,Pro,99
2329,CUST01442,2024-07-04,upgrade,Enterprise,499
2330,CUST01443,2025-02-02,signup,Pro,99
2331,CUST01444,2024-04-16,signup,Pro,99
2332,CUST01445,2024-05-21,signup,Pro,99
2333,CUST01446,2023-04-13,signup,Basic,29
2334,CUST01447,2024-09-28,signup,Pro,99
2335,CUST01447,2024-11-27,upgrade,Enterprise,499
2336,CUST01448,2023-08-22,signup,Basic,29
2337,CUST01448,2024-03-19,cancel,Basic,0
2338,CUST01449,2024-11-19,signup,Enterprise,499
2339,CUST01450,2023-03-13,signup,Pro,99
2340,CUST01451,2023-06-23,signup,Basic,29
2341,CUST01451,2023-12-20,cancel,Basic,0
2342,CUST01452,2024-05-22,signup,Enterprise,499
2343,CUST01452,2024-12-18,cancel,Enterprise,0
2344,CUST01453,2023-01-15,signup,Basic,29
2345,CUST01453,2023-10-12,upgrade,Pro,99
2346,CUST01454,2024-09-27,signup,Basic,29
2347,CUST01455,2024-08-27,signup,Basic,29
2348,CUST01456,2023-08-22,signup,Basic,29
2349,CUST01457,2023-05-12,signup,Basic,29
2350,CUST01457,2023-06-11,cancel,Basic,0
2351,CUST01458,2024-11-04,signup,Basic,29
2352,CUST01458,2024-12-04,cancel,Basic,0
2353,CUST01459,2024-12-15,signup,Pro,99
2354,CUST01460,2024-02-05,signup,Pro,99
2355,CUST01460,2025-03-01,upgrade,Enterprise,499
2356,CUST01461,2024-02-15,signup,Basic,29
2357,CUST01461,2025-06-09,cancel,Basic,0
2358,CUST01462,2023-02-23,signup,Basic,29
2359,CUST01462,2023-06-23,cancel,Basic,0
2360,CUST01463,2023-03-15,signup,Basic,29
2361,CUST01463,2023-07-13,upgrade,Pro,99
2362,CUST01463,2023-11-10,cancel,Pro,0
2363,CUST01464,2023-07-26,signup,Basic,29
2364,CUST01464,2023-08-25,cancel,Basic,0
2365,CUST01465,2025-03-05,signup,Basic,29
2366,CUST01466,2024-02-23,signup,Enterprise,499
2367,CUST01467,2024-10-15,signup,Pro,99
2368,CUST01468,2024-06-23,signup,Basic,29
2369,CUST01468,2025-01-19,cancel,Basic,0
2370,CUST01469,2023-11-26,signup,Pro,99
2371,CUST01469,2024-07-23,cancel,Pro,0
2372,CUST01470,2025-01-04,signup,Basic,29
2373,CUST01471,2023-05-24,signup,Pro,99
2374,CUST01472,2023-10-11,signup,Basic,29
2375,CUST01472,2024-01-09,cancel,Basic,0
2376,CUST01473,2024-10-20,signup,Pro,99
2377,CUST01474,2024-01-29,signup,Pro,99
2378,CUST01475,2023-08-30,signup,Pro,99
2379,CUST01475,2023-12-28,cancel,Pro,0
2380,CUST01476,2023-08-22,signup,Basic,29
2381,CUST01476,2024-11-14,upgrade,Pro,99
2382,CUST01477,2024-12-02,signup,Basic,29
2383,CUST01477,2025-01-01,upgrade,Pro,99
2384,CUST01478,2024-09-15,signup,Basic,29
2385,CUST01479,2023-06-04,signup,Basic,29
2386,CUST01479,2024-10-26,upgrade,Pro,99
2387,CUST01479,2025-06-23,upgrade,Enterprise,499
2388,CUST01480,2023-05-02,signup,Pro,99
2389,CUST01480,2025-05-21,cancel,Pro,0
2390,CUST01481,2024-05-13,signup,Pro,99
2391,CUST01481,2024-10-10,cancel,Pro,0
2392,CUST01482,2025-05-14,signup,Pro,99
2393,CUST01483,2023-04-06,signup,Pro,99
2394,CUST01483,2024-01-31,downgrade,Basic,29
2395,CUST01484,2025-01-31,signup,Enterprise,499
2396,CUST01485,2024-10-04,signup,Basic,29
2397,CUST01486,2023-03-09,signup,Enterprise,499
2398,CUST01486,2024-08-30,downgrade,Pro,99
2399,CUST01486,2024-10-29,upgrade,Enterprise,499
2400,CUST01487,2024-01-17,signup,Pro,99
2401,CUST01488,2023-10-02,signup,Enterprise,499
2402,CUST01488,2023-12-01,cancel,Enterprise,0
2403,CUST01489,2023-01-14,signup,Pro,99
2404,CUST01490,2024-10-11,signup,Pro,99
2405,CUST01491,2025-02-03,signup,Basic,29
2406,CUST01491,2025-03-05,cancel,Basic,0
2407,CUST01492,2023-11-17,signup,Enterprise,499
2408,CUST01492,2024-07-14,downgrade,Pro,99
2409,CUST01493,2023-12-02,signup,Pro,99
2410,CUST01493,2024-01-31,cancel,Pro,0
2411,CUST01494,2023-06-18,signup,Pro,99
2412,CUST01495,2025-06-20,signup,Basic,29
2413,CUST01496,2024-07-14,signup,Enterprise,499
2414,CUST01497,2023-08-23,signup,Pro,99
2415,CUST01498,2024-03-27,signup,Basic,29
2416,CUST01498,2024-04-26,cancel,Basic,0
2417,CUST01499,2024-05-29,signup,Basic,29
2418,CUST01499,2024-09-26,cancel,Basic,0
2419,CUST01500,2023-09-14,signup,Basic,29
